-- MySQL dump 10.13  Distrib 8.0.23, for Win64 (x86_64)
--
-- Host: localhost    Database: etsy
-- ------------------------------------------------------
-- Server version	8.0.23

/*!40101 SET @OLD_CHARACTER_SET_CLIENT=@@CHARACTER_SET_CLIENT */;
/*!40101 SET @OLD_CHARACTER_SET_RESULTS=@@CHARACTER_SET_RESULTS */;
/*!40101 SET @OLD_COLLATION_CONNECTION=@@COLLATION_CONNECTION */;
/*!50503 SET NAMES utf8mb4 */;
/*!40103 SET @OLD_TIME_ZONE=@@TIME_ZONE */;
/*!40103 SET TIME_ZONE='+00:00' */;
/*!40014 SET @OLD_UNIQUE_CHECKS=@@UNIQUE_CHECKS, UNIQUE_CHECKS=0 */;
/*!40014 SET @OLD_FOREIGN_KEY_CHECKS=@@FOREIGN_KEY_CHECKS, FOREIGN_KEY_CHECKS=0 */;
/*!40101 SET @OLD_SQL_MODE=@@SQL_MODE, SQL_MODE='NO_AUTO_VALUE_ON_ZERO' */;
/*!40111 SET @OLD_SQL_NOTES=@@SQL_NOTES, SQL_NOTES=0 */;

--
-- Table structure for table `catalogs`
--

DROP TABLE IF EXISTS `catalogs`;
/*!40101 SET @saved_cs_client     = @@character_set_client */;
/*!50503 SET character_set_client = utf8mb4 */;
CREATE TABLE `catalogs` (
  `id` int unsigned NOT NULL AUTO_INCREMENT,
  `name` varchar(150) CHARACTER SET utf8mb4 COLLATE utf8mb4_unicode_ci NOT NULL,
  PRIMARY KEY (`id`),
  UNIQUE KEY `name` (`name`)
) ENGINE=InnoDB AUTO_INCREMENT=101 DEFAULT CHARSET=utf8mb4 COLLATE=utf8mb4_unicode_ci;
/*!40101 SET character_set_client = @saved_cs_client */;

--
-- Dumping data for table `catalogs`
--

LOCK TABLES `catalogs` WRITE;
/*!40000 ALTER TABLE `catalogs` DISABLE KEYS */;
INSERT INTO `catalogs` VALUES (81,'a'),(55,'adipisci'),(59,'aliquam'),(99,'aliquid'),(80,'amet'),(76,'aperiam'),(35,'aspernatur'),(89,'at'),(49,'atque'),(10,'aut'),(48,'consectetur'),(83,'consequatur'),(44,'corporis'),(86,'corrupti'),(79,'culpa'),(24,'cupiditate'),(32,'debitis'),(69,'delectus'),(45,'dignissimos'),(54,'distinctio'),(100,'dolore'),(4,'dolorem'),(1,'doloremque'),(71,'dolores'),(9,'dolorum'),(19,'ducimus'),(96,'ea'),(15,'eaque'),(63,'eius'),(88,'enim'),(56,'eos'),(65,'error'),(93,'esse'),(52,'est'),(47,'et'),(6,'eum'),(77,'eveniet'),(64,'excepturi'),(27,'expedita'),(37,'explicabo'),(12,'fuga'),(68,'fugit'),(42,'harum'),(87,'hic'),(94,'id'),(8,'illo'),(30,'impedit'),(17,'incidunt'),(70,'ipsa'),(51,'ipsam'),(92,'laudantium'),(57,'minima'),(26,'minus'),(74,'modi'),(84,'molestiae'),(20,'molestias'),(7,'mollitia'),(66,'natus'),(31,'necessitatibus'),(67,'nihil'),(29,'nisi'),(23,'non'),(14,'odio'),(5,'odit'),(62,'officiis'),(72,'omnis'),(95,'pariatur'),(60,'porro'),(78,'possimus'),(53,'provident'),(75,'quae'),(73,'quam'),(41,'quas'),(43,'qui'),(22,'quia'),(98,'quibusdam'),(97,'quis'),(38,'quo'),(28,'reiciendis'),(3,'rem'),(13,'repellendus'),(33,'reprehenderit'),(40,'sed'),(34,'sit'),(61,'soluta'),(11,'sunt'),(46,'suscipit'),(18,'tempora'),(90,'totam'),(50,'ullam'),(21,'unde'),(36,'ut'),(91,'vel'),(25,'velit'),(58,'veniam'),(16,'veritatis'),(82,'vero'),(39,'voluptatem'),(2,'voluptates'),(85,'voluptatibus');
/*!40000 ALTER TABLE `catalogs` ENABLE KEYS */;
UNLOCK TABLES;

--
-- Table structure for table `categories`
--

DROP TABLE IF EXISTS `categories`;
/*!40101 SET @saved_cs_client     = @@character_set_client */;
/*!50503 SET character_set_client = utf8mb4 */;
CREATE TABLE `categories` (
  `id` int unsigned NOT NULL AUTO_INCREMENT,
  `name` varchar(150) CHARACTER SET utf8mb4 COLLATE utf8mb4_unicode_ci NOT NULL,
  `catalog_id` int unsigned DEFAULT NULL,
  PRIMARY KEY (`id`),
  UNIQUE KEY `name` (`name`),
  KEY `categories_catalogs_id_fk` (`catalog_id`),
  CONSTRAINT `categories_catalogs_id_fk` FOREIGN KEY (`catalog_id`) REFERENCES `catalogs` (`id`) ON DELETE CASCADE
) ENGINE=InnoDB AUTO_INCREMENT=101 DEFAULT CHARSET=utf8mb4 COLLATE=utf8mb4_unicode_ci;
/*!40101 SET character_set_client = @saved_cs_client */;

--
-- Dumping data for table `categories`
--

LOCK TABLES `categories` WRITE;
/*!40000 ALTER TABLE `categories` DISABLE KEYS */;
INSERT INTO `categories` VALUES (1,'iusto',16),(2,'et',64),(3,'voluptatum',45),(4,'similique',81),(5,'necessitatibus',41),(6,'sed',91),(7,'soluta',60),(8,'qui',46),(9,'saepe',32),(10,'sunt',1),(11,'dolorem',32),(12,'corporis',64),(13,'amet',19),(14,'eum',97),(15,'ex',28),(16,'suscipit',1),(17,'rem',56),(18,'est',90),(19,'velit',58),(20,'minima',31),(21,'quisquam',11),(22,'modi',36),(23,'ut',94),(24,'voluptates',67),(25,'accusamus',60),(26,'natus',20),(27,'vel',91),(28,'ipsa',29),(29,'porro',53),(30,'dolores',92),(31,'dolore',83),(32,'neque',68),(33,'recusandae',56),(34,'nulla',28),(35,'nisi',49),(36,'sapiente',97),(37,'eos',18),(38,'dolor',8),(39,'iure',43),(40,'dicta',50),(41,'molestias',9),(42,'hic',74),(43,'vero',13),(44,'atque',28),(45,'aut',70),(46,'sint',41),(47,'explicabo',29),(48,'repudiandae',26),(49,'iste',31),(50,'enim',86),(51,'quam',56),(52,'excepturi',41),(53,'ducimus',22),(54,'magnam',49),(55,'corrupti',8),(56,'quia',82),(57,'repellat',69),(58,'optio',98),(59,'minus',10),(60,'rerum',21),(61,'non',90),(62,'reiciendis',92),(63,'quo',89),(64,'dolorum',46),(65,'aperiam',19),(66,'quidem',37),(67,'quaerat',42),(68,'sit',37),(69,'sequi',45),(70,'fugit',85),(71,'doloremque',86),(72,'provident',54),(73,'id',58),(74,'illo',99),(75,'at',82),(76,'eaque',27),(77,'quibusdam',39),(78,'debitis',10),(79,'voluptas',52),(80,'architecto',70),(81,'error',96),(82,'omnis',8),(83,'consequatur',10),(84,'asperiores',18),(85,'perspiciatis',56),(86,'in',18),(87,'ipsam',99),(88,'delectus',25),(89,'itaque',15),(90,'laudantium',8),(91,'nostrum',45),(92,'distinctio',5),(93,'ullam',100),(94,'consequuntur',34),(95,'doloribus',50),(96,'blanditiis',18),(97,'aliquid',70),(98,'officiis',92),(99,'deleniti',54),(100,'aspernatur',15);
/*!40000 ALTER TABLE `categories` ENABLE KEYS */;
UNLOCK TABLES;

--
-- Table structure for table `cities`
--

DROP TABLE IF EXISTS `cities`;
/*!40101 SET @saved_cs_client     = @@character_set_client */;
/*!50503 SET character_set_client = utf8mb4 */;
CREATE TABLE `cities` (
  `id` int unsigned NOT NULL AUTO_INCREMENT,
  `name` varchar(150) CHARACTER SET utf8mb4 COLLATE utf8mb4_unicode_ci NOT NULL,
  `country_id` int unsigned DEFAULT NULL,
  PRIMARY KEY (`id`),
  UNIQUE KEY `name` (`name`),
  KEY `cities_country_id_fk` (`country_id`),
  CONSTRAINT `cities_country_id_fk` FOREIGN KEY (`country_id`) REFERENCES `countries` (`id`) ON DELETE CASCADE
) ENGINE=InnoDB AUTO_INCREMENT=101 DEFAULT CHARSET=utf8mb4 COLLATE=utf8mb4_unicode_ci;
/*!40101 SET character_set_client = @saved_cs_client */;

--
-- Dumping data for table `cities`
--

LOCK TABLES `cities` WRITE;
/*!40000 ALTER TABLE `cities` DISABLE KEYS */;
INSERT INTO `cities` VALUES (1,'Westmouth',15),(2,'North Eleazarshire',75),(3,'North Adolphus',26),(4,'Bradlyhaven',52),(5,'Aiyanatown',33),(6,'West Guadalupeton',63),(7,'Creminland',85),(8,'Selmerport',46),(9,'Port Gwendolyn',78),(10,'Tobyton',60),(11,'North Kaiaton',38),(12,'Buckridgeburgh',89),(13,'Adamsport',64),(14,'Lake Mohamed',91),(15,'South Maybellechester',23),(16,'Mrazville',43),(17,'Ornville',44),(18,'West Doraview',85),(19,'Amiyafurt',76),(20,'Port Ola',93),(21,'Halvorsonshire',9),(22,'Port Eldridgeport',45),(23,'Emiliashire',61),(24,'West Lillamouth',31),(25,'North Stacey',76),(26,'Walkerport',35),(27,'Homenickton',59),(28,'Schimmelport',43),(29,'South Armandmouth',91),(30,'South Bridiehaven',19),(31,'Bartonmouth',2),(32,'Michaelafort',5),(33,'Willchester',94),(34,'South Kierahaven',27),(35,'Sadyeberg',57),(36,'McGlynnfurt',26),(37,'Emeliashire',89),(38,'North Marley',41),(39,'South Edwina',72),(40,'Anneburgh',67),(41,'Patriciamouth',100),(42,'New Albertomouth',10),(43,'Pricebury',55),(44,'Daughertychester',63),(45,'Beahanberg',1),(46,'Geraldview',78),(47,'Mohammadtown',6),(48,'Kuhicfort',44),(49,'Corkerymouth',63),(50,'Reneberg',81),(51,'Madilynton',37),(52,'Schmidtbury',71),(53,'Madieberg',26),(54,'Terranceside',97),(55,'Jaylenmouth',2),(56,'Krisside',2),(57,'North Devontechester',32),(58,'Ryanview',60),(59,'Ferryfort',45),(60,'Susanamouth',22),(61,'West Jared',79),(62,'Clementinaview',46),(63,'Williamsonbury',27),(64,'Lake Lela',73),(65,'Howellhaven',73),(66,'Ginoton',83),(67,'Port Jamaal',98),(68,'Eliville',61),(69,'Harrisbury',24),(70,'Isaacstad',70),(71,'Lake Lillian',27),(72,'West Erick',23),(73,'Streichchester',79),(74,'Port Loisbury',82),(75,'West Hyman',85),(76,'South Friedrich',79),(77,'Robertsberg',59),(78,'Lake Forrestport',90),(79,'East Jeanette',23),(80,'East Karina',21),(81,'Port Gerardbury',71),(82,'Jeanieton',59),(83,'New Rosetta',92),(84,'South Miracle',97),(85,'Kassulkeberg',56),(86,'Beahanburgh',94),(87,'North Dino',99),(88,'South Kaciechester',88),(89,'Ofeliabury',53),(90,'West Carliburgh',43),(91,'Clintonland',9),(92,'Nicoberg',32),(93,'Nyahaven',89),(94,'North Charley',36),(95,'Satterfieldland',4),(96,'Quigleyfort',61),(97,'Norrisport',19),(98,'Marshallshire',2),(99,'Bahringerburgh',21),(100,'West Maximeburgh',42);
/*!40000 ALTER TABLE `cities` ENABLE KEYS */;
UNLOCK TABLES;

--
-- Table structure for table `countries`
--

DROP TABLE IF EXISTS `countries`;
/*!40101 SET @saved_cs_client     = @@character_set_client */;
/*!50503 SET character_set_client = utf8mb4 */;
CREATE TABLE `countries` (
  `id` int unsigned NOT NULL AUTO_INCREMENT,
  `name` varchar(150) CHARACTER SET utf8mb4 COLLATE utf8mb4_unicode_ci NOT NULL,
  PRIMARY KEY (`id`),
  UNIQUE KEY `name` (`name`)
) ENGINE=InnoDB AUTO_INCREMENT=101 DEFAULT CHARSET=utf8mb4 COLLATE=utf8mb4_unicode_ci;
/*!40101 SET character_set_client = @saved_cs_client */;

--
-- Dumping data for table `countries`
--

LOCK TABLES `countries` WRITE;
/*!40000 ALTER TABLE `countries` DISABLE KEYS */;
INSERT INTO `countries` VALUES (1,'Albania'),(20,'Anguilla'),(92,'Antarctica (the territory South of 60 deg S)'),(22,'Antigua and Barbuda'),(65,'Aruba'),(26,'Austria'),(52,'Bahrain'),(57,'Bangladesh'),(87,'Barbados'),(56,'Belize'),(39,'Benin'),(62,'Bosnia and Herzegovina'),(91,'Brazil'),(23,'Brunei Darussalam'),(74,'Burkina Faso'),(21,'Cambodia'),(29,'Cape Verde'),(30,'Cayman Islands'),(99,'Chile'),(59,'Colombia'),(12,'Congo'),(36,'Cook Islands'),(79,'Cote d\'Ivoire'),(16,'Czech Republic'),(75,'Denmark'),(28,'Dominica'),(89,'Falkland Islands (Malvinas)'),(83,'Fiji'),(7,'Finland'),(13,'French Guiana'),(8,'French Southern Territories'),(90,'Georgia'),(38,'Germany'),(40,'Gibraltar'),(48,'Greece'),(4,'Guinea'),(50,'Guinea-Bissau'),(45,'Heard Island and McDonald Islands'),(41,'Holy See (Vatican City State)'),(76,'India'),(97,'Iran'),(94,'Iraq'),(17,'Ireland'),(72,'Israel'),(95,'Jersey'),(34,'Kenya'),(81,'Kuwait'),(96,'Lao People\'s Democratic Republic'),(70,'Liberia'),(64,'Libyan Arab Jamahiriya'),(85,'Liechtenstein'),(63,'Luxembourg'),(18,'Macao'),(49,'Malaysia'),(55,'Maldives'),(15,'Mauritania'),(73,'Mongolia'),(88,'Montenegro'),(93,'Myanmar'),(14,'Netherlands'),(37,'New Caledonia'),(71,'New Zealand'),(84,'Niger'),(35,'Nigeria'),(19,'Niue'),(2,'Northern Mariana Islands'),(69,'Oman'),(67,'Pakistan'),(60,'Palau'),(58,'Paraguay'),(5,'Philippines'),(68,'Pitcairn Islands'),(31,'Puerto Rico'),(86,'Qatar'),(51,'Saint Barthelemy'),(78,'Saudi Arabia'),(53,'Seychelles'),(98,'Slovenia'),(25,'Somalia'),(77,'South Georgia and the South Sandwich Islands'),(32,'Spain'),(80,'Svalbard & Jan Mayen Islands'),(11,'Swaziland'),(6,'Switzerland'),(54,'Syrian Arab Republic'),(61,'Taiwan'),(43,'Tajikistan'),(82,'Tunisia'),(9,'Turkey'),(10,'United Arab Emirates'),(24,'United Kingdom'),(33,'United States Minor Outlying Islands'),(27,'United States Virgin Islands'),(66,'Uruguay'),(47,'Vanuatu'),(100,'Venezuela'),(42,'Western Sahara'),(44,'Yemen'),(46,'Zambia'),(3,'Zimbabwe');
/*!40000 ALTER TABLE `countries` ENABLE KEYS */;
UNLOCK TABLES;

--
-- Table structure for table `items`
--

DROP TABLE IF EXISTS `items`;
/*!40101 SET @saved_cs_client     = @@character_set_client */;
/*!50503 SET character_set_client = utf8mb4 */;
CREATE TABLE `items` (
  `id` int unsigned NOT NULL AUTO_INCREMENT,
  `table_type_id` int unsigned NOT NULL,
  `shop_id` int unsigned NOT NULL,
  `price` int unsigned NOT NULL,
  `description` varchar(100) CHARACTER SET utf8mb4 COLLATE utf8mb4_unicode_ci DEFAULT NULL,
  `shipping` varchar(100) CHARACTER SET utf8mb4 COLLATE utf8mb4_unicode_ci DEFAULT NULL,
  `subcategory_id` int unsigned DEFAULT NULL,
  `item_status` enum('active','draft','inactive','sold') CHARACTER SET utf8mb4 COLLATE utf8mb4_unicode_ci NOT NULL,
  `created_at` datetime DEFAULT CURRENT_TIMESTAMP,
  `updated_at` datetime DEFAULT CURRENT_TIMESTAMP ON UPDATE CURRENT_TIMESTAMP COMMENT '╨Т╤А╨╡╨╝╤П ╨╛╨▒╨╜╨╛╨▓╨╗╨╡╨╜╨╕╤П ╤Б╤В╤А╨╛╨║╨╕',
  PRIMARY KEY (`id`),
  KEY `items_subcategory_id_fk` (`subcategory_id`),
  KEY `items_shop_id_fk` (`shop_id`),
  KEY `items_table_type_id_fk` (`table_type_id`),
  CONSTRAINT `items_shop_id_fk` FOREIGN KEY (`shop_id`) REFERENCES `shops` (`id`) ON DELETE CASCADE,
  CONSTRAINT `items_subcategory_id_fk` FOREIGN KEY (`subcategory_id`) REFERENCES `subcategory` (`id`) ON DELETE SET NULL,
  CONSTRAINT `items_table_type_id_fk` FOREIGN KEY (`table_type_id`) REFERENCES `table_types` (`id`) ON DELETE CASCADE
) ENGINE=InnoDB AUTO_INCREMENT=101 DEFAULT CHARSET=utf8mb4 COLLATE=utf8mb4_unicode_ci;
/*!40101 SET character_set_client = @saved_cs_client */;

--
-- Dumping data for table `items`
--

LOCK TABLES `items` WRITE;
/*!40000 ALTER TABLE `items` DISABLE KEYS */;
INSERT INTO `items` VALUES (1,1,23,4628,'Blanditiis rerum voluptatem amet in. Et tempore assumenda accusamus quia dolores. Natus necessitatib','Debitis enim velit tenetur.',92,'sold','2000-09-02 00:00:00','2021-05-27 15:53:57'),(2,1,14,814,'Voluptatum dolorem rerum officiis inventore dolores velit est aliquid. Non ab quisquam et ut volupta','Mollitia aperiam cumque maxime qui.',54,'active','1985-01-13 00:00:00','2004-02-17 00:00:00'),(3,1,23,6523,'Animi aut sed quae officia voluptatem ipsam soluta. Adipisci sequi veritatis laboriosam consequuntur','Ea ex est.',49,'active','1982-08-26 00:00:00','1999-09-07 00:00:00'),(4,1,11,6267,'Ratione ut repellat et consequuntur. Voluptatibus architecto animi et sit qui. Voluptatem dolor cupi','Et est aut.',7,'sold','2000-01-17 00:00:00','2019-11-04 00:00:00'),(5,1,24,1555,'Qui quibusdam beatae natus commodi harum dolores. Laborum consectetur veniam necessitatibus aspernat','Et molestiae sint.',32,'inactive','1994-04-12 00:00:00','1998-06-07 00:00:00'),(6,1,6,1942,'Consequatur dolorem recusandae rerum sed incidunt sunt. Quasi laudantium fuga rerum enim. Similique ','Dolores consequatur accusantium nemo.',13,'sold','2018-06-17 00:00:00','2021-05-27 15:53:57'),(7,1,7,3900,'Quis dignissimos cupiditate deleniti. Corrupti veritatis voluptatibus eveniet sunt deleniti. Ab volu','Ea ullam labore et autem.',57,'draft','1978-05-06 00:00:00','2021-05-27 15:53:57'),(8,1,28,6279,'Maiores delectus fuga eaque consequatur minima quam omnis. Dolor veniam iure earum quia. Reiciendis ','Dicta unde pariatur ut.',23,'draft','2002-09-27 00:00:00','2021-05-27 15:53:57'),(9,1,22,7033,'Omnis rerum quo minima eum tenetur non sint. Eum inventore cum unde. Ullam eveniet magni fugit et. V','Tempore quia quibusdam enim.',8,'draft','1979-06-25 00:00:00','2020-05-05 00:00:00'),(10,1,28,5517,'Dolorum exercitationem consequatur sunt aut a. Dolor velit quia est beatae sequi consequuntur dolore','Id ea ut at voluptatum.',55,'sold','2016-06-19 00:00:00','2021-05-27 15:53:57'),(11,1,18,5264,'Dolorem et aut suscipit nisi atque nesciunt quam est. Quibusdam autem ut sit esse voluptatibus et. A','Consequatur amet id natus.',51,'sold','1995-09-15 00:00:00','2021-05-27 15:53:57'),(12,1,3,3453,'Quo enim dolorem voluptas. Est pariatur repellendus atque consequatur totam ex aut. Cumque perferend','Voluptatem dolores blanditiis.',96,'draft','2007-01-12 00:00:00','2021-05-27 15:53:57'),(13,1,13,5599,'Vitae et deleniti exercitationem at. Et vero accusantium repellat explicabo unde repellat. Architect','Enim dolorem totam vel.',17,'inactive','2020-09-28 00:00:00','2021-05-27 15:53:57'),(14,1,19,7299,'A id ut tenetur velit ab dolorem sequi nostrum. Maxime sed fuga est dolore natus molestiae.','Ut reprehenderit.',78,'inactive','2002-06-18 00:00:00','2021-05-27 15:53:57'),(15,1,21,6828,'Pariatur est aliquam dolor dicta et fugiat amet eos. Minima velit dolore deserunt rem quasi eaque. A','Facere ut sit et.',49,'sold','1970-12-22 00:00:00','1979-04-03 00:00:00'),(16,1,18,2395,'Quia recusandae provident debitis temporibus deleniti. Aut sapiente quos ratione. Reprehenderit aliq','Adipisci explicabo.',44,'draft','2020-01-18 00:00:00','2021-05-27 15:53:57'),(17,1,13,1388,'Placeat placeat magni voluptas magni asperiores accusamus minima eum. Sit adipisci dicta doloremque ','Quo dolorum consequatur ea.',5,'active','1999-06-11 00:00:00','2021-05-27 15:53:57'),(18,1,30,7627,'Nam culpa delectus omnis rerum et assumenda deleniti nam. Necessitatibus consectetur dolor atque dol','At vitae nesciunt eos.',17,'inactive','1970-04-05 00:00:00','2007-08-27 00:00:00'),(19,1,16,5472,'Harum odit blanditiis iste hic quaerat libero earum alias. Soluta quia quia minus dolore. Non quia o','Nostrum aut.',34,'sold','1998-05-22 00:00:00','2020-03-20 00:00:00'),(20,1,7,8122,'Placeat mollitia quo tempora cupiditate veritatis. Esse rem hic earum aut distinctio qui. Eveniet ab','Quis nobis occaecati.',31,'active','1998-10-28 00:00:00','2012-10-23 00:00:00'),(21,1,20,9125,'Unde accusamus possimus molestiae eum qui recusandae sint ex. Voluptas enim quos natus debitis. Quae','A ducimus distinctio fugit.',42,'inactive','1997-04-13 00:00:00','2021-05-27 15:53:57'),(22,1,13,8844,'Distinctio vitae recusandae deserunt cumque expedita possimus. Quaerat quasi et nesciunt distinctio ','Expedita vero vitae.',88,'sold','1976-12-07 00:00:00','2002-07-30 00:00:00'),(23,1,30,1284,'Et nam ab accusamus ipsum accusamus iure dolore. Reiciendis molestiae fugiat saepe eligendi accusant','Facere ducimus dolor rem.',34,'active','1980-08-02 00:00:00','2001-01-23 00:00:00'),(24,1,4,2794,'Unde dolorem praesentium quam ducimus rem laboriosam. Perferendis et qui sit error amet voluptatem q','Rerum laudantium aut in.',69,'active','2000-07-22 00:00:00','2016-12-29 00:00:00'),(25,1,13,2596,'Numquam laudantium enim ut. Accusantium accusamus qui optio. Officia minus est aut aut et aliquid.','Enim corporis fugit suscipit.',1,'active','1970-01-16 00:00:00','2011-10-09 00:00:00'),(26,1,7,3476,'Explicabo unde possimus eum. Reprehenderit officia qui recusandae nemo et. Impedit laudantium sequi ','Sed nihil fugit.',99,'inactive','2016-02-02 00:00:00','2021-05-27 15:53:57'),(27,1,16,5196,'Dolorum blanditiis laboriosam ut voluptates omnis quas. Velit velit nam aperiam quod. Et neque omnis','Sint aperiam facilis qui nemo.',33,'draft','1981-06-06 00:00:00','2010-12-28 00:00:00'),(28,1,29,1768,'Sint aut nemo rem. Perspiciatis sint exercitationem dignissimos nulla et modi. Dolorem mollitia et m','Fugiat distinctio voluptatem provident.',93,'draft','1995-10-21 00:00:00','2002-12-24 00:00:00'),(29,1,15,7568,'Velit soluta repellat et non asperiores est. Voluptas voluptatem qui voluptatem molestiae delectus. ','Eos commodi molestiae.',58,'sold','1970-02-10 00:00:00','2012-09-16 00:00:00'),(30,1,21,1658,'Veritatis est velit sed aut. Quisquam quia est sit veniam dolor quas ut pariatur. Voluptas repellend','Quasi et.',20,'draft','2013-01-06 00:00:00','2021-05-27 15:53:57'),(31,1,2,1645,'Ut ut rerum earum iusto nihil voluptates optio distinctio. Et qui quis debitis quos corporis. Eos op','Natus quia in.',30,'sold','1985-01-26 00:00:00','2001-01-29 00:00:00'),(32,1,19,6766,'Ad est qui facilis dolorem. Cum dolorem officiis doloremque debitis sequi ducimus. Ut iure porro aut','Nihil voluptates rem in.',47,'sold','2001-12-20 00:00:00','2021-05-27 15:53:57'),(33,1,11,7675,'Magnam quia omnis deleniti quaerat sed. Vel maxime sequi laudantium. Aperiam in officia odio volupta','Nihil et et.',61,'draft','2014-01-05 00:00:00','2017-11-02 00:00:00'),(34,1,19,658,'Dolor in commodi at enim voluptate facere non dignissimos. Cumque recusandae molestiae ipsum eius in','Eos dolor nobis.',87,'active','1970-02-06 00:00:00','2012-12-06 00:00:00'),(35,1,29,2066,'Tenetur nihil voluptatum porro qui qui eum earum dolores. Sequi possimus assumenda sit. Soluta dolor','Saepe fugit odio.',86,'sold','2001-10-30 00:00:00','2021-05-27 15:53:57'),(36,1,6,7285,'Autem aut animi est ut cumque illum maxime ut. Dolores quos sunt aspernatur doloribus nostrum velit ','Quia quasi amet aut.',60,'draft','1994-05-19 00:00:00','2005-01-19 00:00:00'),(37,1,8,7185,'Quam minus ducimus blanditiis sapiente temporibus aut. Veritatis facere nam illum. Illum aliquam omn','Sapiente et minima.',61,'active','2005-08-26 00:00:00','2018-03-31 00:00:00'),(38,1,15,3979,'Officiis pariatur est soluta. Excepturi consequatur iure in veniam voluptas blanditiis. Et veniam ut','Consequuntur earum modi perspiciatis.',25,'draft','2017-01-20 00:00:00','2021-05-27 15:53:57'),(39,1,29,8496,'Voluptatem ratione recusandae dolores et iste optio quia. Facere adipisci quod enim vero qui ullam. ','Explicabo et tenetur dolorum.',58,'sold','1974-12-30 00:00:00','2021-05-27 15:53:57'),(40,1,28,6441,'Doloremque fugiat eius tempora quaerat officiis rerum non est. Odit quibusdam dicta qui cumque conse','Doloribus nulla.',36,'sold','1977-07-31 00:00:00','2019-04-15 00:00:00'),(41,1,18,7886,'Facere quibusdam non aliquid eos voluptatem. Nulla numquam non et totam voluptates molestias provide','Maxime esse.',17,'inactive','1981-05-05 00:00:00','2021-05-27 15:53:57'),(42,1,10,1122,'Totam perspiciatis consequuntur debitis harum nisi explicabo. Veritatis sint quis eveniet modi. Sint','Debitis vel enim.',9,'active','2012-10-15 00:00:00','2021-05-27 15:53:57'),(43,1,15,6669,'Voluptatem architecto velit itaque natus ipsam. Recusandae quidem exercitationem ut exercitationem. ','Nemo distinctio autem amet.',28,'active','2011-11-22 00:00:00','2021-05-27 15:53:57'),(44,1,1,2950,'Quam quos adipisci labore ad consequatur ut enim. Molestias voluptatem harum ratione id modi ipsam q','Illum sunt quam deleniti.',99,'active','1970-10-03 00:00:00','2012-09-14 00:00:00'),(45,1,26,579,'Unde tempora non id in non quibusdam. Et debitis quaerat sit in quia ut repellat voluptatem. Dolores','Et nam dolor.',71,'draft','1989-06-11 00:00:00','2003-01-16 00:00:00'),(46,1,6,9807,'Ea corporis maxime ullam sed rerum asperiores quidem. Fugit ratione omnis blanditiis impedit aperiam','Et sint quo.',91,'active','1982-07-02 00:00:00','1997-09-19 00:00:00'),(47,1,1,3454,'Natus et architecto amet eveniet aspernatur. Blanditiis sed rerum et autem sapiente eveniet qui. Qui','Nihil officiis in.',81,'draft','2008-12-09 00:00:00','2013-11-16 00:00:00'),(48,1,12,1899,'Fuga molestiae ea nemo sit est. Fugit ducimus omnis similique in quam alias est. Quod dicta sit mini','Magnam saepe adipisci quia.',35,'active','1985-08-08 00:00:00','2021-05-27 15:53:57'),(49,1,13,4987,'Est optio iste nihil modi neque. Ratione ipsum ut ut eos in aliquam laboriosam. Consequatur dolore l','Maiores unde id.',100,'sold','2001-01-16 00:00:00','2006-12-20 00:00:00'),(50,1,7,4718,'Ut provident sint ea mollitia sint sed. Quam omnis natus assumenda magnam adipisci deleniti ut. Null','Aut facere nihil aut.',37,'inactive','2020-04-27 00:00:00','2021-05-27 15:53:57'),(51,1,26,1873,'Porro sit et praesentium tenetur. Minima laborum ab maiores molestiae. Debitis sint possimus ratione','Omnis provident odio dicta.',39,'inactive','2000-06-11 00:00:00','2021-05-27 15:53:57'),(52,1,29,8494,'Voluptatibus hic repellendus fuga magni autem culpa minus. Harum libero voluptatem nihil debitis. Do','Sint vel inventore sunt.',11,'sold','1998-02-17 00:00:00','2021-05-27 15:53:57'),(53,1,30,2196,'Nesciunt odit rerum voluptatem sint. Esse consequatur possimus omnis ratione culpa voluptatem saepe ','Recusandae repellendus recusandae repellendus nulla.',44,'active','1983-04-11 00:00:00','2021-05-27 15:53:57'),(54,1,11,5827,'Dolor consequatur voluptatem sed velit deleniti ex. Laboriosam officiis id impedit cupiditate quis e','Omnis corrupti maxime quia repudiandae.',94,'active','2006-12-08 00:00:00','2021-05-27 15:53:57'),(55,1,1,8632,'Quasi eaque nulla sed voluptatem rem consequuntur. Blanditiis provident fugiat ipsum necessitatibus ','Dignissimos reprehenderit numquam deserunt.',28,'draft','2015-04-04 00:00:00','2021-05-27 15:53:57'),(56,1,9,433,'Et officia omnis dicta architecto. Aut nam autem iste aut nisi quo possimus officia. Dolorem dolor c','Et nihil eos.',59,'active','1979-05-31 00:00:00','2000-09-22 00:00:00'),(57,1,14,9730,'Veritatis id culpa voluptatibus consequatur accusamus. Quod aut facilis velit voluptas qui vel sint ','Dolorum adipisci nemo architecto.',62,'active','1979-09-12 00:00:00','2021-05-27 15:53:57'),(58,1,21,6204,'Aspernatur error consequatur facere impedit aspernatur. Ab reiciendis aut quaerat porro voluptatem q','Laboriosam quis dolorem.',94,'inactive','2007-06-11 00:00:00','2021-05-27 15:53:57'),(59,1,27,6439,'Velit sunt ipsum error in. Ex facere eos voluptas non inventore corporis reprehenderit. Quo aut eius','Ut libero officiis temporibus.',69,'active','1990-01-10 00:00:00','2011-05-16 00:00:00'),(60,1,28,3902,'Repudiandae unde dolores doloribus ipsa perspiciatis tempora omnis. Impedit ut provident tempore qui','Dicta ratione est.',74,'draft','2010-09-20 00:00:00','2021-05-27 15:53:57'),(61,1,12,7822,'Praesentium modi veritatis eos. Distinctio aut voluptates enim nesciunt. Est quidem a dolorum sit co','Id impedit eligendi.',10,'active','2014-08-02 00:00:00','2021-05-27 15:53:57'),(62,1,20,1196,'In omnis reiciendis omnis quos quam rerum nesciunt. Eveniet aspernatur quia et eum molestiae amet. U','Alias non molestiae.',40,'draft','2009-12-01 00:00:00','2011-02-21 00:00:00'),(63,1,28,389,'Impedit aut consequuntur id atque et consectetur. Aut nihil distinctio odio eos quibusdam. Modi blan','Eum repellendus reiciendis saepe.',2,'active','1998-04-25 00:00:00','2021-05-27 15:53:57'),(64,1,23,8956,'Rerum nihil neque corrupti deserunt eligendi. Alias ex eum esse dolor optio. Ut quia est saepe repel','Sunt voluptas dolor est.',33,'inactive','1985-12-11 00:00:00','2010-03-29 00:00:00'),(65,1,1,5965,'Odio dignissimos quia consequatur corrupti quibusdam. Nostrum quia maiores ab omnis. Eum aut vitae d','Voluptatem quasi ut et.',95,'active','1997-09-25 00:00:00','2021-05-27 15:53:57'),(66,1,21,3502,'Ab qui in voluptatem voluptatem. Architecto eum et quia delectus. Dolorum dolorem repudiandae nemo l','Voluptas repellat neque.',87,'sold','2010-01-25 00:00:00','2021-05-27 15:53:57'),(67,1,11,3408,'Perspiciatis sed aut officiis. Repellendus impedit porro rerum. Dolorum rerum perspiciatis esse odit','Occaecati quisquam sed et quis.',64,'sold','2002-04-05 00:00:00','2021-05-27 15:53:57'),(68,1,30,6073,'Sed quis qui non. Iste minus ipsam quo omnis qui et ut. A et libero illo quos. Excepturi voluptas ad','Minima dicta.',34,'sold','1988-10-12 00:00:00','1993-12-15 00:00:00'),(69,1,3,4191,'Qui adipisci cupiditate ipsum. Dolorem ab fuga vel. Dolorem magnam qui eos. Consequatur repudiandae ','Ad quis fuga suscipit.',32,'draft','2014-10-28 00:00:00','2021-05-27 15:53:57'),(70,1,9,9977,'Et iste tenetur ab. Qui dolores voluptatibus sed. Nihil a omnis dolorem et.','Harum provident minus pariatur.',9,'draft','2013-05-12 00:00:00','2021-05-27 15:53:57'),(71,1,18,4029,'Sint consequatur ducimus omnis itaque eos mollitia molestiae. Quis tempore voluptatem et molestiae a','Tempora consequuntur ut magni omnis.',56,'inactive','1981-07-20 00:00:00','2015-07-06 00:00:00'),(72,1,21,5252,'Amet eos et placeat corporis aut. Ut dolores iste eveniet rerum libero quam voluptatem molestias. Qu','Labore tenetur similique.',4,'active','1973-10-05 00:00:00','2008-05-16 00:00:00'),(73,1,6,9300,'Quidem et est recusandae nam non exercitationem voluptatem sit. Quo nulla autem ratione ipsam omnis ','Optio fuga earum.',34,'sold','1990-10-21 00:00:00','1997-12-24 00:00:00'),(74,1,30,913,'Et qui ducimus qui corrupti adipisci veniam sed. Quis quis sunt repudiandae deserunt officiis laboru','Inventore placeat voluptates itaque.',7,'active','1975-07-06 00:00:00','2021-05-27 15:53:57'),(75,1,1,8207,'Officiis tenetur ut tempore iste blanditiis commodi sit. Sapiente dignissimos neque quidem ratione n','Omnis velit et.',89,'active','1987-05-13 00:00:00','2012-12-18 00:00:00'),(76,1,24,9065,'Ea dolorem eos voluptatem unde. Voluptas repellendus earum et ipsa in laborum consequatur. Et quae q','Occaecati illo quis.',42,'sold','2011-01-30 00:00:00','2011-09-17 00:00:00'),(77,1,30,3711,'Aut quis labore autem fugiat. Iure officiis sed quibusdam ipsam sint dolor harum illo. Ut esse eum e','Repudiandae quis est quo blanditiis.',45,'draft','2018-01-24 00:00:00','2021-05-27 15:53:57'),(78,1,25,8372,'Facere fugiat harum repudiandae aut. Dolorem magni autem sunt explicabo. Odit et numquam voluptatem ','Vero rerum id.',90,'sold','2007-01-24 00:00:00','2021-05-27 15:53:57'),(79,1,14,773,'Sequi magnam rerum sed et sed. Autem molestiae cum quasi aliquam tenetur. Voluptatem sapiente ut et ','Possimus inventore aut corporis.',55,'sold','1991-12-22 00:00:00','1995-06-13 00:00:00'),(80,1,7,1954,'Sequi vero culpa voluptatibus consequuntur perferendis. Libero maiores laboriosam saepe accusamus qu','Perferendis aut odio.',48,'inactive','1988-06-03 00:00:00','2003-09-06 00:00:00'),(81,1,15,9623,'Est dolorum pariatur tenetur praesentium mollitia dolor. Dignissimos nulla nulla minima minima dolor','Sed consequuntur esse ex.',90,'sold','1983-01-11 00:00:00','2008-05-18 00:00:00'),(82,1,11,8285,'Necessitatibus eaque similique nostrum blanditiis. Pariatur ipsa eaque vel eos autem non. Quaerat re','Quam et et.',83,'sold','1992-04-21 00:00:00','2010-06-08 00:00:00'),(83,1,16,8505,'Voluptatem aut fugit molestias soluta eveniet fugit sed. Aut eveniet laborum modi eum repellendus te','Dolores eum ab dolor.',31,'active','2018-08-26 00:00:00','2021-05-27 15:53:57'),(84,1,5,371,'Qui laborum sed porro ut ab facilis. Consequuntur modi facere qui non similique.','Neque ut quam non.',61,'draft','1999-07-07 00:00:00','2021-05-27 15:53:57'),(85,1,19,2510,'Rerum sequi vitae quia esse rerum. Incidunt sunt illum officia quaerat. In ut quod voluptates amet.','Totam quod rerum qui magnam.',44,'draft','1973-03-03 00:00:00','1983-03-24 00:00:00'),(86,1,21,1390,'Eos repudiandae optio eum pariatur quod quia eveniet ipsa. Molestiae quo eos ipsum voluptatibus omni','Repellat praesentium facere libero.',23,'active','1995-06-21 00:00:00','2021-05-27 15:53:57'),(87,1,30,9136,'Aut libero quia neque itaque voluptatum. Et quia enim sit natus eum unde nulla. Delectus tempora aut','Et nesciunt numquam commodi quisquam.',36,'draft','2010-03-25 00:00:00','2021-05-27 15:53:57'),(88,1,8,1744,'Quasi atque molestiae similique. Et quae et excepturi qui. Amet dolores placeat quia. Asperiores vol','Aliquam eveniet occaecati.',16,'active','2014-08-28 00:00:00','2020-05-20 00:00:00'),(89,1,21,6744,'Qui quis eveniet dolorem rem voluptas. In velit autem modi voluptatibus dolor sed. Asperiores autem ','Nostrum tempore culpa maiores aut.',24,'draft','1991-12-15 00:00:00','2016-08-25 00:00:00'),(90,1,7,2220,'Ut quo quos nulla delectus. Est ut sit est velit maiores unde. Beatae eveniet nesciunt at et eum qua','Enim tempore.',72,'inactive','1983-09-08 00:00:00','2021-05-27 15:53:57'),(91,1,4,9043,'Quo id deserunt qui maiores et omnis. Vero maxime voluptatem maxime dignissimos. Cumque qui sit volu','Sit voluptatem dolor voluptatem.',2,'active','2010-02-06 00:00:00','2021-05-27 15:53:57'),(92,1,4,4019,'Enim excepturi ipsa adipisci dolore pariatur voluptates. Sed est aut atque ipsa est. Nihil qui quod ','Eum nulla omnis voluptatum.',11,'sold','1998-06-04 00:00:00','2021-05-27 15:53:57'),(93,1,14,3193,'Et quia a et enim quod tempore perferendis. Qui et est sunt voluptatem accusantium eius dicta. Delec','Suscipit consequatur eum in.',94,'active','2014-09-29 00:00:00','2021-05-27 15:53:57'),(94,1,30,9197,'Nulla sunt ut quia ex ab beatae nihil id. Velit corporis mollitia nobis quisquam quia ut fugit. Temp','Enim et molestiae.',92,'inactive','2017-02-02 00:00:00','2021-03-27 00:00:00'),(95,1,15,9887,'Velit ipsam est hic similique. Natus qui eos nulla quo aut est deserunt. Libero commodi voluptatum u','Nisi culpa.',21,'draft','1983-11-08 00:00:00','2001-03-25 00:00:00'),(96,1,12,5290,'Neque nulla et quos ad libero voluptatem iste. Inventore incidunt quia natus quisquam.','Quas consequuntur aut.',98,'sold','2016-09-01 00:00:00','2021-05-27 15:53:57'),(97,1,4,193,'Blanditiis laborum numquam fuga alias assumenda. Ex necessitatibus nostrum fugit et perferendis natu','Cum aliquam tempora.',73,'draft','2017-02-03 00:00:00','2021-05-27 15:53:57'),(98,1,25,2643,'Tempora eveniet repellat animi aut quam. Quam enim voluptatem perspiciatis animi dignissimos velit u','Unde vero excepturi culpa.',64,'sold','1999-12-22 00:00:00','2021-05-27 15:53:57'),(99,1,1,6209,'Dolor et eos dolor numquam soluta repellendus neque. Officiis sed repudiandae non et ut nisi volupta','Aliquam veniam facere.',97,'draft','2001-02-02 00:00:00','2021-05-27 15:53:57'),(100,1,8,9646,'Dolor est accusantium omnis nostrum iure voluptas. Ipsa quo consectetur aut est. Libero ad vero volu','Non sit.',66,'draft','1992-09-20 00:00:00','2021-05-27 15:53:57');
/*!40000 ALTER TABLE `items` ENABLE KEYS */;
UNLOCK TABLES;

--
-- Table structure for table `likes`
--

DROP TABLE IF EXISTS `likes`;
/*!40101 SET @saved_cs_client     = @@character_set_client */;
/*!50503 SET character_set_client = utf8mb4 */;
CREATE TABLE `likes` (
  `id` int unsigned NOT NULL AUTO_INCREMENT,
  `user_id` int unsigned NOT NULL,
  `target_id` int unsigned NOT NULL,
  `target_table_type_id` int unsigned NOT NULL,
  `created_at` datetime DEFAULT CURRENT_TIMESTAMP,
  PRIMARY KEY (`id`),
  KEY `likes_user_id_fk` (`user_id`),
  CONSTRAINT `likes_user_id_fk` FOREIGN KEY (`user_id`) REFERENCES `users` (`id`) ON DELETE CASCADE
) ENGINE=InnoDB AUTO_INCREMENT=102 DEFAULT CHARSET=utf8mb4 COLLATE=utf8mb4_unicode_ci;
/*!40101 SET character_set_client = @saved_cs_client */;

--
-- Dumping data for table `likes`
--

LOCK TABLES `likes` WRITE;
/*!40000 ALTER TABLE `likes` DISABLE KEYS */;
INSERT INTO `likes` VALUES (1,60,38,5,'1975-10-29 00:00:00'),(2,90,34,1,'2001-09-21 00:00:00'),(3,13,26,4,'2008-09-21 00:00:00'),(4,86,87,1,'1970-03-12 00:00:00'),(5,52,23,3,'1995-04-12 00:00:00'),(6,86,84,2,'1991-06-26 00:00:00'),(7,53,75,5,'1980-06-29 00:00:00'),(8,1,26,2,'1984-04-15 00:00:00'),(9,87,5,1,'2001-02-21 00:00:00'),(10,100,40,3,'1971-05-09 00:00:00'),(11,21,64,5,'2005-04-29 00:00:00'),(12,3,21,4,'1998-11-03 00:00:00'),(13,19,76,2,'1978-04-14 00:00:00'),(14,23,29,4,'2011-10-30 00:00:00'),(15,86,53,3,'1982-07-13 00:00:00'),(16,51,69,3,'1978-05-22 00:00:00'),(17,73,86,1,'1992-03-09 00:00:00'),(18,64,8,4,'2006-02-26 00:00:00'),(19,53,22,4,'2003-04-12 00:00:00'),(20,90,64,5,'1973-11-06 00:00:00'),(21,1,75,2,'1981-08-15 00:00:00'),(22,22,97,1,'1971-04-09 00:00:00'),(23,99,3,1,'2016-01-15 00:00:00'),(24,63,22,4,'1991-01-22 00:00:00'),(25,53,25,2,'1970-05-10 00:00:00'),(26,6,85,5,'1980-10-01 00:00:00'),(27,46,99,2,'2017-02-11 00:00:00'),(28,34,13,1,'2015-10-27 00:00:00'),(29,77,15,4,'1985-07-22 00:00:00'),(30,40,94,2,'1976-05-26 00:00:00'),(31,45,76,3,'1985-02-05 00:00:00'),(32,8,46,3,'2017-11-01 00:00:00'),(33,32,68,3,'1983-04-30 00:00:00'),(34,2,15,2,'2010-01-15 00:00:00'),(35,20,12,2,'2007-11-15 00:00:00'),(36,89,7,4,'1974-08-23 00:00:00'),(37,66,52,1,'1975-02-10 00:00:00'),(38,73,16,4,'2014-08-05 00:00:00'),(39,32,64,3,'1984-04-01 00:00:00'),(40,49,66,1,'1998-06-17 00:00:00'),(41,99,51,1,'2018-07-16 00:00:00'),(42,58,23,5,'2001-04-19 00:00:00'),(43,63,19,4,'1985-11-18 00:00:00'),(44,9,33,3,'1986-07-07 00:00:00'),(45,47,6,3,'2012-10-18 00:00:00'),(46,1,34,1,'1985-11-28 00:00:00'),(47,40,61,5,'1987-02-06 00:00:00'),(48,9,65,5,'1974-06-18 00:00:00'),(49,79,14,4,'1972-07-24 00:00:00'),(50,55,57,5,'1977-07-17 00:00:00'),(51,1,15,1,'1974-07-19 00:00:00'),(52,19,6,1,'1987-03-24 00:00:00'),(53,53,9,3,'2006-05-18 00:00:00'),(54,30,31,1,'1977-06-12 00:00:00'),(55,27,12,4,'1980-07-20 00:00:00'),(56,68,75,3,'2002-06-19 00:00:00'),(57,32,21,3,'2020-03-14 00:00:00'),(58,69,41,5,'1970-05-09 00:00:00'),(59,15,83,5,'1986-10-24 00:00:00'),(60,33,49,1,'2018-01-10 00:00:00'),(61,26,19,4,'2018-10-04 00:00:00'),(62,53,55,5,'1970-09-12 00:00:00'),(63,42,74,3,'2002-06-01 00:00:00'),(64,36,74,3,'2021-01-15 00:00:00'),(65,72,81,3,'2012-01-08 00:00:00'),(66,19,16,1,'1983-08-19 00:00:00'),(67,34,92,5,'2004-12-26 00:00:00'),(68,38,88,5,'2008-09-19 00:00:00'),(69,28,31,5,'2009-05-06 00:00:00'),(70,69,69,3,'1983-04-03 00:00:00'),(71,45,26,5,'1983-10-08 00:00:00'),(72,78,94,1,'2000-06-26 00:00:00'),(73,61,28,4,'1975-11-19 00:00:00'),(74,70,99,1,'2018-08-28 00:00:00'),(75,24,23,2,'1986-01-16 00:00:00'),(76,37,19,2,'2015-03-30 00:00:00'),(77,36,14,5,'1981-06-24 00:00:00'),(78,15,95,3,'2002-05-14 00:00:00'),(79,51,81,3,'1975-05-31 00:00:00'),(80,97,21,4,'1991-03-02 00:00:00'),(81,42,98,3,'1979-06-22 00:00:00'),(82,94,79,2,'1983-09-19 00:00:00'),(83,52,52,2,'2006-06-07 00:00:00'),(84,61,10,3,'1995-06-09 00:00:00'),(85,98,71,1,'1986-04-06 00:00:00'),(86,33,94,3,'1996-05-01 00:00:00'),(87,66,44,5,'1981-01-23 00:00:00'),(88,18,23,4,'1979-12-30 00:00:00'),(89,57,1,2,'1973-09-16 00:00:00'),(90,1,23,4,'2012-01-17 00:00:00'),(91,91,99,1,'1995-01-12 00:00:00'),(92,30,55,2,'1985-05-21 00:00:00'),(93,27,73,2,'2008-04-28 00:00:00'),(94,3,56,2,'2019-09-20 00:00:00'),(95,95,21,2,'1986-06-26 00:00:00'),(96,99,34,1,'1993-02-15 00:00:00'),(97,16,27,4,'2021-02-27 00:00:00'),(98,11,45,1,'2017-09-06 00:00:00'),(99,25,19,4,'1980-03-26 00:00:00'),(100,46,97,2,'2009-10-22 00:00:00'),(101,34,56,1,'2021-05-27 19:52:39');
/*!40000 ALTER TABLE `likes` ENABLE KEYS */;
UNLOCK TABLES;
/*!50003 SET @saved_cs_client      = @@character_set_client */ ;
/*!50003 SET @saved_cs_results     = @@character_set_results */ ;
/*!50003 SET @saved_col_connection = @@collation_connection */ ;
/*!50003 SET character_set_client  = utf8mb4 */ ;
/*!50003 SET character_set_results = utf8mb4 */ ;
/*!50003 SET collation_connection  = utf8mb4_0900_ai_ci */ ;
/*!50003 SET @saved_sql_mode       = @@sql_mode */ ;
/*!50003 SET sql_mode              = 'STRICT_TRANS_TABLES,NO_ENGINE_SUBSTITUTION' */ ;
DELIMITER ;;
/*!50003 CREATE*/ /*!50017 DEFINER=`root`@`localhost`*/ /*!50003 TRIGGER `likes_validation` BEFORE INSERT ON `likes` FOR EACH ROW BEGIN
  IF NOT is_row_exists(NEW.target_id, NEW.target_table_type_id) THEN
    SIGNAL SQLSTATE "45000"
    SET MESSAGE_TEXT = "Error adding like! Target table doesn't contain row id provided!";
  END IF;
END */;;
DELIMITER ;
/*!50003 SET sql_mode              = @saved_sql_mode */ ;
/*!50003 SET character_set_client  = @saved_cs_client */ ;
/*!50003 SET character_set_results = @saved_cs_results */ ;
/*!50003 SET collation_connection  = @saved_col_connection */ ;

--
-- Table structure for table `media`
--

DROP TABLE IF EXISTS `media`;
/*!40101 SET @saved_cs_client     = @@character_set_client */;
/*!50503 SET character_set_client = utf8mb4 */;
CREATE TABLE `media` (
  `id` int unsigned NOT NULL AUTO_INCREMENT COMMENT '╨Ш╨┤╨╡╨╜╤В╨╕╤Д╨╕╨║╨░╤В╨╛╤А ╤Б╤В╤А╨╛╨║╨╕',
  `table_type_id` int unsigned NOT NULL,
  `user_id` int unsigned NOT NULL COMMENT '╨б╤Б╤Л╨╗╨║╨░ ╨╜╨░ ╨┐╨╛╨╗╤М╨╖╨╛╨▓╨░╤В╨╡╨╗╤П, ╨║╨╛╤В╨╛╤А╤Л╨╣ ╨╖╨░╨│╤А╤Г╨╖╨╕╨╗ ╤Д╨░╨╣╨╗',
  `filename` varchar(255) CHARACTER SET utf8mb4 COLLATE utf8mb4_unicode_ci NOT NULL COMMENT '╨Я╤Г╤В╤М ╨║ ╤Д╨░╨╣╨╗╤Г',
  `size` int NOT NULL COMMENT '╨а╨░╨╖╨╝╨╡╤А ╤Д╨░╨╣╨╗╨░',
  `metadata` json DEFAULT NULL,
  `media_type_id` int unsigned NOT NULL COMMENT '╨б╤Б╤Л╨╗╨║╨░ ╨╜╨░ ╤В╨╕╨┐ ╨║╨╛╨╜╤В╨╡╨╜╤В╨░',
  `created_at` datetime DEFAULT CURRENT_TIMESTAMP COMMENT '╨Т╤А╨╡╨╝╤П ╤Б╨╛╨╖╨┤╨░╨╜╨╕╤П ╤Б╤В╤А╨╛╨║╨╕',
  `updated_at` datetime DEFAULT CURRENT_TIMESTAMP ON UPDATE CURRENT_TIMESTAMP COMMENT '╨Т╤А╨╡╨╝╤П ╨╛╨▒╨╜╨╛╨▓╨╗╨╡╨╜╨╕╤П ╤Б╤В╤А╨╛╨║╨╕',
  PRIMARY KEY (`id`),
  KEY `media_type_id_fk` (`media_type_id`),
  KEY `media_user_id_fk` (`user_id`),
  KEY `media_table_type_id_fk` (`table_type_id`),
  CONSTRAINT `media_table_type_id_fk` FOREIGN KEY (`table_type_id`) REFERENCES `table_types` (`id`) ON DELETE CASCADE,
  CONSTRAINT `media_type_id_fk` FOREIGN KEY (`media_type_id`) REFERENCES `media_types` (`id`) ON DELETE CASCADE,
  CONSTRAINT `media_user_id_fk` FOREIGN KEY (`user_id`) REFERENCES `users` (`id`) ON DELETE CASCADE,
  CONSTRAINT `media_chk_1` CHECK (json_valid(`metadata`))
) ENGINE=InnoDB AUTO_INCREMENT=101 DEFAULT CHARSET=utf8mb4 COLLATE=utf8mb4_unicode_ci COMMENT='╨Ь╨╡╨┤╨╕╨░╤Д╨░╨╣╨╗╤Л';
/*!40101 SET character_set_client = @saved_cs_client */;

--
-- Dumping data for table `media`
--

LOCK TABLES `media` WRITE;
/*!40000 ALTER TABLE `media` DISABLE KEYS */;
INSERT INTO `media` VALUES (1,5,21,'http://etsy.com/442775.jpeg',488938606,'{\"owner\": \"Gilbert Cruickshank\"}',1,'1987-11-12 00:00:00','2021-05-26 19:20:28'),(2,5,94,'http://etsy.com/738140.avi',240324161,'{\"owner\": \"Hattie O\'Connell\"}',2,'1990-01-20 00:00:00','2021-05-26 19:20:28'),(3,5,88,'http://etsy.com/696573.jpeg',558049085,'{\"owner\": \"Evan Medhurst\"}',1,'1999-06-29 00:00:00','2021-05-26 19:20:28'),(4,5,36,'http://etsy.com/792017.png',471878119,'{\"owner\": \"Lawrence Gleichner\"}',2,'1996-03-30 00:00:00','2021-05-26 19:20:28'),(5,5,25,'http://etsy.com/533162.png',652393214,'{\"owner\": \"Prudence Williamson\"}',1,'1990-01-03 00:00:00','2021-05-26 19:20:28'),(6,5,2,'http://etsy.com/512472.mp4',517422389,'{\"owner\": \"Johnathan Beier\"}',2,'1987-01-02 00:00:00','2021-05-26 19:20:28'),(7,5,45,'http://etsy.com/13301.jpeg',534157427,'{\"owner\": \"Ezequiel Schimmel\"}',3,'2018-08-24 00:00:00','2021-05-26 19:20:28'),(8,5,60,'http://etsy.com/48332.png',649547841,'{\"owner\": \"Bertrand Hirthe\"}',1,'1994-05-14 00:00:00','2021-05-26 19:20:28'),(9,5,33,'http://etsy.com/916067.jpeg',862727140,'{\"owner\": \"Coy Mraz\"}',3,'1974-06-22 00:00:00','2021-05-26 19:20:28'),(10,5,88,'http://etsy.com/850540.png',528811012,'{\"owner\": \"Evan Medhurst\"}',1,'1979-06-07 00:00:00','2021-05-26 19:20:28'),(11,5,31,'http://etsy.com/110556.avi',79590970,'{\"owner\": \"Nellie Oberbrunner\"}',3,'1992-05-27 00:00:00','2021-05-26 19:20:28'),(12,5,100,'http://etsy.com/102662.png',89699536,'{\"owner\": \"Claude Heller\"}',3,'2011-02-14 00:00:00','2021-05-26 19:20:28'),(13,5,58,'http://etsy.com/315025.avi',417271001,'{\"owner\": \"Patience Vandervort\"}',1,'2014-05-03 00:00:00','2021-05-26 19:20:28'),(14,5,81,'http://etsy.com/207951.doc',227782214,'{\"owner\": \"Jasmin Wolff\"}',3,'1983-10-08 00:00:00','2021-05-26 19:20:28'),(15,5,26,'http://etsy.com/405589.avi',928720737,'{\"owner\": \"Laurence Schneider\"}',3,'1986-02-13 00:00:00','2021-05-26 19:20:28'),(16,5,99,'http://etsy.com/369336.jpeg',286431366,'{\"owner\": \"Brooke Brown\"}',2,'1976-01-05 00:00:00','2021-05-26 19:20:28'),(17,5,85,'http://etsy.com/92177.avi',552079161,'{\"owner\": \"Dessie Kulas\"}',3,'2017-01-24 00:00:00','2021-05-26 19:20:28'),(18,5,82,'http://etsy.com/95902.mp4',812826991,'{\"owner\": \"Hollis Rogahn\"}',3,'1977-09-07 00:00:00','2021-05-26 19:20:28'),(19,5,97,'http://etsy.com/11678.jpeg',456751749,'{\"owner\": \"Haskell Botsford\"}',1,'2018-05-21 00:00:00','2021-05-26 19:20:28'),(20,5,19,'http://etsy.com/397828.avi',684123311,'{\"owner\": \"Mike Rau\"}',1,'1985-04-10 00:00:00','2021-05-26 19:20:28'),(21,5,48,'http://etsy.com/636390.avi',404134621,'{\"owner\": \"Ethyl Robel\"}',1,'1985-08-27 00:00:00','2021-05-26 19:20:28'),(22,5,70,'http://etsy.com/533097.png',489828931,'{\"owner\": \"Kari Kling\"}',3,'2001-08-12 00:00:00','2021-05-26 19:20:28'),(23,5,11,'http://etsy.com/701732.doc',476432771,'{\"owner\": \"Leilani Leffler\"}',1,'1983-05-28 00:00:00','2021-05-26 19:20:28'),(24,5,25,'http://etsy.com/789951.doc',249222417,'{\"owner\": \"Prudence Williamson\"}',2,'1981-08-20 00:00:00','2021-05-26 19:20:28'),(25,5,21,'http://etsy.com/10685.avi',511045836,'{\"owner\": \"Gilbert Cruickshank\"}',1,'1989-09-20 00:00:00','2021-05-26 19:20:28'),(26,5,77,'http://etsy.com/49705.jpeg',330022577,'{\"owner\": \"Lilliana Kulas\"}',2,'1983-09-13 00:00:00','2021-05-26 19:20:28'),(27,5,97,'http://etsy.com/387189.mp4',472465580,'{\"owner\": \"Haskell Botsford\"}',3,'1978-05-24 00:00:00','2021-05-26 19:20:28'),(28,5,44,'http://etsy.com/110096.avi',570177345,'{\"owner\": \"Florida Klocko\"}',2,'2014-09-06 00:00:00','2021-05-26 19:20:28'),(29,5,88,'http://etsy.com/103462.mp4',29054215,'{\"owner\": \"Evan Medhurst\"}',1,'1995-05-17 00:00:00','2021-05-26 19:20:28'),(30,5,47,'http://etsy.com/979806.avi',485468101,'{\"owner\": \"Sabina Wilderman\"}',1,'1991-01-18 00:00:00','2021-05-26 19:20:28'),(31,5,97,'http://etsy.com/394250.jpeg',339283972,'{\"owner\": \"Haskell Botsford\"}',2,'1985-12-23 00:00:00','2021-05-26 19:20:28'),(32,5,59,'http://etsy.com/527404.png',186068254,'{\"owner\": \"Trisha Mueller\"}',3,'2021-04-17 00:00:00','2021-05-26 19:20:28'),(33,5,38,'http://etsy.com/752159.avi',668573634,'{\"owner\": \"Oswald Balistreri\"}',2,'1987-05-26 00:00:00','2021-05-26 19:20:28'),(34,5,52,'http://etsy.com/583367.jpeg',600482463,'{\"owner\": \"Tavares Kutch\"}',2,'1989-05-31 00:00:00','2021-05-26 19:20:28'),(35,5,57,'http://etsy.com/98112.jpeg',106557494,'{\"owner\": \"Kaela Fisher\"}',3,'1974-04-28 00:00:00','2021-05-26 19:20:28'),(36,5,55,'http://etsy.com/93419.doc',57892214,'{\"owner\": \"Tevin Blick\"}',1,'2014-02-16 00:00:00','2021-05-26 19:20:28'),(37,5,90,'http://etsy.com/625332.jpeg',535644868,'{\"owner\": \"Monica Hessel\"}',1,'1973-07-19 00:00:00','2021-05-26 19:20:28'),(38,5,98,'http://etsy.com/194953.mp4',818965698,'{\"owner\": \"Brigitte Dickinson\"}',1,'2010-04-08 00:00:00','2021-05-26 19:20:28'),(39,5,52,'http://etsy.com/840974.mp4',370611222,'{\"owner\": \"Tavares Kutch\"}',1,'2015-02-10 00:00:00','2021-05-26 19:20:28'),(40,5,44,'http://etsy.com/830909.mp4',636089792,'{\"owner\": \"Florida Klocko\"}',3,'2019-02-25 00:00:00','2021-05-26 19:20:28'),(41,5,34,'http://etsy.com/907351.doc',329710844,'{\"owner\": \"Marcelino Botsford\"}',1,'2015-09-23 00:00:00','2021-05-26 19:20:28'),(42,5,23,'http://etsy.com/919074.doc',673386471,'{\"owner\": \"Bettye Schoen\"}',1,'2003-02-28 00:00:00','2021-05-26 19:20:28'),(43,5,96,'http://etsy.com/335535.doc',971360825,'{\"owner\": \"Easter Brown\"}',2,'1976-08-17 00:00:00','2021-05-26 19:20:28'),(44,5,84,'http://etsy.com/896055.png',804910436,'{\"owner\": \"Javier Cruickshank\"}',3,'1998-01-03 00:00:00','2021-05-26 19:20:28'),(45,5,92,'http://etsy.com/702750.png',761124425,'{\"owner\": \"Roselyn Weimann\"}',1,'2003-10-10 00:00:00','2021-05-26 19:20:28'),(46,5,97,'http://etsy.com/973579.avi',469348060,'{\"owner\": \"Haskell Botsford\"}',3,'1985-05-27 00:00:00','2021-05-26 19:20:28'),(47,5,76,'http://etsy.com/438900.mp4',35666272,'{\"owner\": \"Evangeline Larson\"}',2,'1983-05-04 00:00:00','2021-05-26 19:20:28'),(48,5,68,'http://etsy.com/283064.jpeg',932382038,'{\"owner\": \"Rowland Klein\"}',1,'1994-08-24 00:00:00','2021-05-26 19:20:28'),(49,5,95,'http://etsy.com/221360.png',606921270,'{\"owner\": \"Jermain Stokes\"}',1,'1991-08-19 00:00:00','2021-05-26 19:20:28'),(50,5,47,'http://etsy.com/911180.png',483503529,'{\"owner\": \"Sabina Wilderman\"}',2,'1981-08-03 00:00:00','2021-05-26 19:20:28'),(51,5,90,'http://etsy.com/911561.jpeg',885790712,'{\"owner\": \"Monica Hessel\"}',1,'1999-09-27 00:00:00','2021-05-26 19:20:28'),(52,5,56,'http://etsy.com/864308.png',704084322,'{\"owner\": \"Odessa Balistreri\"}',3,'1993-12-14 00:00:00','2021-05-26 19:20:28'),(53,5,24,'http://etsy.com/968317.jpeg',778534706,'{\"owner\": \"Devin Upton\"}',2,'1991-03-11 00:00:00','2021-05-26 19:20:28'),(54,5,80,'http://etsy.com/821260.avi',41917896,'{\"owner\": \"Jaydon Mayert\"}',3,'2012-07-19 00:00:00','2021-05-26 19:20:28'),(55,5,75,'http://etsy.com/830802.png',619463967,'{\"owner\": \"Laurie Tillman\"}',1,'1988-07-08 00:00:00','2021-05-26 19:20:28'),(56,5,48,'http://etsy.com/332634.doc',408261383,'{\"owner\": \"Ethyl Robel\"}',1,'1992-02-04 00:00:00','2021-05-26 19:20:28'),(57,5,44,'http://etsy.com/416856.doc',882745571,'{\"owner\": \"Florida Klocko\"}',3,'1996-09-30 00:00:00','2021-05-26 19:20:28'),(58,5,38,'http://etsy.com/266174.png',809952766,'{\"owner\": \"Oswald Balistreri\"}',2,'2019-02-08 00:00:00','2021-05-26 19:20:28'),(59,5,37,'http://etsy.com/454242.jpeg',163662171,'{\"owner\": \"Ettie Okuneva\"}',1,'2010-09-19 00:00:00','2021-05-26 19:20:28'),(60,5,23,'http://etsy.com/331019.avi',585451833,'{\"owner\": \"Bettye Schoen\"}',1,'2002-01-18 00:00:00','2021-05-26 19:20:28'),(61,5,50,'http://etsy.com/397764.doc',142030215,'{\"owner\": \"Christop Fay\"}',1,'2016-11-03 00:00:00','2021-05-26 19:20:28'),(62,5,16,'http://etsy.com/610192.doc',372060961,'{\"owner\": \"Ciara Jones\"}',1,'2009-10-30 00:00:00','2021-05-26 19:20:28'),(63,5,74,'http://etsy.com/738891.mp4',378686719,'{\"owner\": \"Clyde Spinka\"}',3,'1985-10-05 00:00:00','2021-05-26 19:20:28'),(64,5,38,'http://etsy.com/951705.png',616837312,'{\"owner\": \"Oswald Balistreri\"}',3,'2019-09-05 00:00:00','2021-05-26 19:20:28'),(65,5,3,'http://etsy.com/425144.jpeg',813536347,'{\"owner\": \"Jaden Terry\"}',3,'1984-04-03 00:00:00','2021-05-26 19:20:28'),(66,5,20,'http://etsy.com/779405.doc',461969816,'{\"owner\": \"Clarissa Rutherford\"}',3,'1985-01-15 00:00:00','2021-05-26 19:20:28'),(67,5,85,'http://etsy.com/908733.mp4',115113374,'{\"owner\": \"Dessie Kulas\"}',3,'1983-05-16 00:00:00','2021-05-26 19:20:28'),(68,5,71,'http://etsy.com/43951.doc',117351144,'{\"owner\": \"Lulu Gorczany\"}',1,'2002-01-15 00:00:00','2021-05-26 19:20:28'),(69,5,28,'http://etsy.com/168346.doc',494322168,'{\"owner\": \"Barbara Schoen\"}',2,'1987-11-21 00:00:00','2021-05-26 19:20:28'),(70,5,84,'http://etsy.com/36178.mp4',671270675,'{\"owner\": \"Javier Cruickshank\"}',1,'2005-03-28 00:00:00','2021-05-26 19:20:28'),(71,5,74,'http://etsy.com/722859.jpeg',7145280,'{\"owner\": \"Clyde Spinka\"}',1,'1991-07-10 00:00:00','2021-05-26 19:20:28'),(72,5,10,'http://etsy.com/994854.doc',103030402,'{\"owner\": \"Cornelius Koelpin\"}',1,'2009-05-19 00:00:00','2021-05-26 19:20:28'),(73,5,2,'http://etsy.com/784045.mp4',609326661,'{\"owner\": \"Johnathan Beier\"}',2,'2005-11-22 00:00:00','2021-05-26 19:20:28'),(74,5,57,'http://etsy.com/528796.png',900073260,'{\"owner\": \"Kaela Fisher\"}',2,'1975-10-12 00:00:00','2021-05-26 19:20:28'),(75,5,67,'http://etsy.com/105008.mp4',344689883,'{\"owner\": \"Velda Gutkowski\"}',3,'1973-09-10 00:00:00','2021-05-26 19:20:28'),(76,5,67,'http://etsy.com/403191.png',947842452,'{\"owner\": \"Velda Gutkowski\"}',1,'1980-12-05 00:00:00','2021-05-26 19:20:28'),(77,5,98,'http://etsy.com/686675.avi',132875062,'{\"owner\": \"Brigitte Dickinson\"}',3,'1972-12-18 00:00:00','2021-05-26 19:20:28'),(78,5,42,'http://etsy.com/110638.mp4',80532096,'{\"owner\": \"Kaia Langworth\"}',3,'1995-01-06 00:00:00','2021-05-26 19:20:28'),(79,5,65,'http://etsy.com/423236.doc',319571027,'{\"owner\": \"Kristy Kessler\"}',3,'1990-03-26 00:00:00','2021-05-26 19:20:28'),(80,5,40,'http://etsy.com/245405.mp4',616859669,'{\"owner\": \"Angel Stark\"}',2,'1998-12-15 00:00:00','2021-05-26 19:20:28'),(81,5,64,'http://etsy.com/595543.png',740413391,'{\"owner\": \"Karelle Donnelly\"}',2,'2006-07-01 00:00:00','2021-05-26 19:20:28'),(82,5,58,'http://etsy.com/321628.mp4',76980992,'{\"owner\": \"Patience Vandervort\"}',2,'2012-11-09 00:00:00','2021-05-26 19:20:28'),(83,5,35,'http://etsy.com/848723.mp4',709495618,'{\"owner\": \"Karolann Adams\"}',1,'1983-07-23 00:00:00','2021-05-26 19:20:28'),(84,5,57,'http://etsy.com/999907.avi',923221830,'{\"owner\": \"Kaela Fisher\"}',2,'2000-10-02 00:00:00','2021-05-26 19:20:28'),(85,5,79,'http://etsy.com/695408.jpeg',86272119,'{\"owner\": \"Jan Bechtelar\"}',2,'2002-04-13 00:00:00','2021-05-26 19:20:28'),(86,5,64,'http://etsy.com/470080.doc',471631273,'{\"owner\": \"Karelle Donnelly\"}',2,'2008-04-24 00:00:00','2021-05-26 19:20:28'),(87,5,72,'http://etsy.com/425306.png',535306010,'{\"owner\": \"Rudy Schoen\"}',3,'1993-01-08 00:00:00','2021-05-26 19:20:28'),(88,5,71,'http://etsy.com/11895.png',362783993,'{\"owner\": \"Lulu Gorczany\"}',3,'1991-01-26 00:00:00','2021-05-26 19:20:28'),(89,5,20,'http://etsy.com/681258.mp4',223033664,'{\"owner\": \"Clarissa Rutherford\"}',1,'2017-02-05 00:00:00','2021-05-26 19:20:28'),(90,5,13,'http://etsy.com/57150.doc',833830900,'{\"owner\": \"Jerrold Gaylord\"}',3,'2015-03-12 00:00:00','2021-05-26 19:20:28'),(91,5,7,'http://etsy.com/271075.mp4',706870079,'{\"owner\": \"Coby Haag\"}',3,'1973-12-02 00:00:00','2021-05-26 19:20:28'),(92,5,3,'http://etsy.com/479982.mp4',653866134,'{\"owner\": \"Jaden Terry\"}',1,'2004-06-16 00:00:00','2021-05-26 19:20:28'),(93,5,61,'http://etsy.com/920355.mp4',107385389,'{\"owner\": \"Reese Miller\"}',2,'1995-08-13 00:00:00','2021-05-26 19:20:28'),(94,5,76,'http://etsy.com/737558.jpeg',564714000,'{\"owner\": \"Evangeline Larson\"}',1,'2001-02-11 00:00:00','2021-05-26 19:20:28'),(95,5,24,'http://etsy.com/460979.jpeg',105728735,'{\"owner\": \"Devin Upton\"}',1,'2008-08-17 00:00:00','2021-05-26 19:20:28'),(96,5,92,'http://etsy.com/258338.doc',111803761,'{\"owner\": \"Roselyn Weimann\"}',3,'1992-12-23 00:00:00','2021-05-26 19:20:28'),(97,5,75,'http://etsy.com/877094.doc',746937957,'{\"owner\": \"Laurie Tillman\"}',2,'2001-10-11 00:00:00','2021-05-26 19:20:28'),(98,5,36,'http://etsy.com/657716.doc',964403087,'{\"owner\": \"Lawrence Gleichner\"}',1,'1996-03-30 00:00:00','2021-05-26 19:20:28'),(99,5,78,'http://etsy.com/772180.png',601911892,'{\"owner\": \"Elaina Padberg\"}',3,'2004-01-19 00:00:00','2021-05-26 19:20:28'),(100,5,72,'http://etsy.com/599598.avi',315628549,'{\"owner\": \"Rudy Schoen\"}',2,'1983-09-01 00:00:00','2021-05-26 19:20:28');
/*!40000 ALTER TABLE `media` ENABLE KEYS */;
UNLOCK TABLES;

--
-- Table structure for table `media_types`
--

DROP TABLE IF EXISTS `media_types`;
/*!40101 SET @saved_cs_client     = @@character_set_client */;
/*!50503 SET character_set_client = utf8mb4 */;
CREATE TABLE `media_types` (
  `id` int unsigned NOT NULL AUTO_INCREMENT COMMENT '╨Ш╨┤╨╡╨╜╤В╨╕╤Д╨╕╨║╨░╤В╨╛╤А ╤Б╤В╤А╨╛╨║╨╕',
  `name` varchar(255) CHARACTER SET utf8mb4 COLLATE utf8mb4_unicode_ci NOT NULL COMMENT '╨Э╨░╨╖╨▓╨░╨╜╨╕╨╡ ╤В╨╕╨┐╨░',
  `created_at` datetime DEFAULT CURRENT_TIMESTAMP COMMENT '╨Т╤А╨╡╨╝╤П ╤Б╨╛╨╖╨┤╨░╨╜╨╕╤П ╤Б╤В╤А╨╛╨║╨╕',
  `updated_at` datetime DEFAULT CURRENT_TIMESTAMP ON UPDATE CURRENT_TIMESTAMP COMMENT '╨Т╤А╨╡╨╝╤П ╨╛╨▒╨╜╨╛╨▓╨╗╨╡╨╜╨╕╤П ╤Б╤В╤А╨╛╨║╨╕',
  PRIMARY KEY (`id`),
  UNIQUE KEY `name` (`name`)
) ENGINE=InnoDB AUTO_INCREMENT=4 DEFAULT CHARSET=utf8mb4 COLLATE=utf8mb4_unicode_ci COMMENT='╨в╨╕╨┐╤Л ╨╝╨╡╨┤╨╕╨░╤Д╨░╨╣╨╗╨╛╨▓';
/*!40101 SET character_set_client = @saved_cs_client */;

--
-- Dumping data for table `media_types`
--

LOCK TABLES `media_types` WRITE;
/*!40000 ALTER TABLE `media_types` DISABLE KEYS */;
INSERT INTO `media_types` VALUES (1,'document','2005-04-12 00:00:00','1979-08-20 00:00:00'),(2,'video','2001-12-29 00:00:00','1989-04-21 00:00:00'),(3,'image','2011-08-22 00:00:00','1976-07-02 00:00:00');
/*!40000 ALTER TABLE `media_types` ENABLE KEYS */;
UNLOCK TABLES;

--
-- Table structure for table `messages`
--

DROP TABLE IF EXISTS `messages`;
/*!40101 SET @saved_cs_client     = @@character_set_client */;
/*!50503 SET character_set_client = utf8mb4 */;
CREATE TABLE `messages` (
  `id` int unsigned NOT NULL AUTO_INCREMENT COMMENT '╨Ш╨┤╨╡╨╜╤В╨╕╤Д╨╕╨║╨░╤В╨╛╤А ╤Б╤В╤А╨╛╨║╨╕',
  `table_type_id` int unsigned NOT NULL,
  `from_target_id` int unsigned NOT NULL COMMENT '╨б╤Б╤Л╨╗╨║╨░ ╨╜╨░ ╨╛╤В╨┐╤А╨░╨▓╨╕╤В╨╡╨╗╤П ╤Б╨╛╨╛╨▒╤Й╨╡╨╜╨╕╤П',
  `to_target_id` int unsigned NOT NULL COMMENT '╨б╤Б╤Л╨╗╨║╨░ ╨╜╨░ ╨┐╨╛╨╗╤Г╤З╨░╤В╨╡╨╗╤П ╤Б╨╛╨╛╨▒╤Й╨╡╨╜╨╕╤П',
  `from_target_type_id` int unsigned NOT NULL,
  `to_target_type_id` int unsigned NOT NULL,
  `body` text CHARACTER SET utf8mb4 COLLATE utf8mb4_unicode_ci NOT NULL COMMENT '╨в╨╡╨║╤Б╤В ╤Б╨╛╨╛╨▒╤Й╨╡╨╜╨╕╤П',
  `is_important` tinyint(1) DEFAULT NULL COMMENT '╨Я╤А╨╕╨╖╨╜╨░╨║ ╨▓╨░╨╢╨╜╨╛╤Б╤В╨╕',
  `is_delivered` tinyint(1) DEFAULT NULL COMMENT '╨Я╤А╨╕╨╖╨╜╨░╨║ ╨┤╨╛╤Б╤В╨░╨▓╨║╨╕',
  `created_at` datetime DEFAULT CURRENT_TIMESTAMP COMMENT '╨Т╤А╨╡╨╝╤П ╤Б╨╛╨╖╨┤╨░╨╜╨╕╤П ╤Б╤В╤А╨╛╨║╨╕',
  PRIMARY KEY (`id`),
  KEY `messages_table_type_id_fk` (`table_type_id`),
  CONSTRAINT `messages_table_type_id_fk` FOREIGN KEY (`table_type_id`) REFERENCES `table_types` (`id`) ON DELETE CASCADE
) ENGINE=InnoDB AUTO_INCREMENT=101 DEFAULT CHARSET=utf8mb4 COLLATE=utf8mb4_unicode_ci COMMENT='╨б╨╛╨╛╨▒╤Й╨╡╨╜╨╕╤П';
/*!40101 SET character_set_client = @saved_cs_client */;

--
-- Dumping data for table `messages`
--

LOCK TABLES `messages` WRITE;
/*!40000 ALTER TABLE `messages` DISABLE KEYS */;
INSERT INTO `messages` VALUES (1,3,23,27,4,4,'Ipsam natus non nisi occaecati. Et exercitationem voluptate debitis. Aperiam nobis nihil veritatis nulla. Quia eum est nostrum. Earum dolorem placeat qui architecto.',1,0,'2017-12-24 13:08:11'),(2,3,26,1,4,4,'Recusandae molestiae libero et explicabo quo voluptatum quia. Quo quia rem deserunt vel ut. Accusantium occaecati odio assumenda consequatur fugiat aut corrupti sapiente.',1,0,'2014-03-15 02:38:37'),(3,3,27,22,2,2,'Consequatur enim culpa temporibus. Aliquam quisquam dolorem atque expedita est tempore pariatur. Optio enim ad omnis itaque. Illum sit et hic nostrum quos qui quam.',0,1,'2019-03-28 13:52:27'),(4,3,6,25,2,2,'Voluptatum officia voluptates autem nam quia. Magni omnis quos quam minima ut ducimus. Ratione sed vero vitae qui. Est non iusto voluptas consequatur animi et dolore.',0,0,'2019-09-15 03:26:03'),(5,3,12,13,4,2,'Ex saepe et quas aut aliquid qui. Quis mollitia unde harum tenetur voluptate. Molestiae hic impedit facilis fugit nihil qui nesciunt. Qui optio sed impedit recusandae.',0,1,'2018-03-26 03:32:47'),(6,3,32,63,2,2,'Et quisquam molestias sed reprehenderit non numquam. Expedita enim qui eum ut. Amet voluptas quis sequi repellat consequatur. Dolores quod sint et illo ut in quos.',1,1,'2015-04-04 20:51:35'),(7,3,42,67,2,2,'Culpa et amet ratione vel doloribus cumque et quia. Quo nemo exercitationem dolore dolores exercitationem ipsam voluptatibus. Consequatur sint iste rerum quae vel voluptatem eaque.',1,1,'2016-08-23 15:45:59'),(8,3,11,88,4,2,'Tempore minus sit in esse rerum. Repellendus alias hic illo minus a quis velit. Consequatur deserunt quae soluta non maiores.',0,1,'2019-06-10 20:30:20'),(9,3,21,13,4,4,'Ut doloremque voluptatibus dolores at. Fuga ratione perspiciatis in. Dolorem exercitationem officiis asperiores omnis. Molestias esse ullam quisquam consequatur.',1,1,'2020-02-25 01:57:39'),(10,3,60,88,2,2,'Voluptates laborum sint illo voluptates. Blanditiis in quis sunt earum qui. Beatae quia perferendis et sint sunt.',1,1,'2014-03-27 20:17:09'),(11,3,92,29,2,4,'Facilis ullam et consectetur eligendi. Voluptate sit et cumque officia quasi pariatur aliquam. Dolores molestiae rem aut ut.',1,0,'2020-07-31 04:35:33'),(12,3,17,14,4,4,'Quis reprehenderit est qui et enim iste itaque. Rerum omnis qui rem. Neque consequatur quos magnam sapiente. Beatae repudiandae quam tenetur eum.',1,1,'2020-09-19 12:05:05'),(13,3,24,77,4,2,'Odit porro explicabo provident aspernatur quae sed. Accusantium occaecati et dolores ad. Excepturi quaerat architecto pariatur qui ut consectetur blanditiis eveniet.',0,1,'2019-11-10 20:03:35'),(14,3,27,5,4,4,'Modi qui qui a dolorem. Et animi cum omnis. Rem iusto doloremque quis sunt. Nobis et consequatur optio nulla ut placeat quidem.',0,0,'2015-11-29 04:01:12'),(15,3,6,12,2,4,'Eos iusto ipsum quam et aliquam facilis illum deserunt. Sunt maiores rerum non fugit nobis tempore neque. Quidem officiis unde non. Placeat dolorem dolorem repudiandae dolore minima. Facilis debitis corporis sed quis.',1,0,'2017-05-28 05:06:36'),(16,3,55,94,2,2,'Nemo harum quis cupiditate. Architecto quia quia atque ratione. Ut voluptatibus fuga unde sint. Cupiditate dolores blanditiis et ut.',0,0,'2020-09-15 10:36:00'),(17,3,9,63,4,2,'Voluptatibus fuga natus velit assumenda aut. Qui optio ut enim est. Qui occaecati tempora at et nemo totam rem. Ad et error similique et facere.',1,0,'2020-03-17 17:09:48'),(18,3,3,11,4,4,'Reiciendis minus magni quam veniam ea. Minima amet velit totam enim. Assumenda velit vero modi ut cumque non iure. Ratione expedita quis fuga rerum soluta aut est distinctio.',1,1,'2018-09-26 22:13:33'),(19,3,15,1,4,4,'Et aut officia error aut. Aliquid illo similique voluptatum rerum consequatur provident. Vel suscipit aut rerum et reprehenderit. Voluptates iste numquam deserunt assumenda velit rerum.',0,0,'2020-10-12 02:25:25'),(20,3,8,11,4,2,'Ad incidunt neque hic consequatur et. Et sed explicabo quae unde repellendus blanditiis. Qui debitis enim totam ipsam atque rerum qui.',1,1,'2019-04-29 15:38:31'),(21,3,22,60,4,2,'Quis sint ut nisi animi placeat quasi laudantium. Quis sunt aspernatur placeat assumenda voluptatibus odio temporibus ab. Eos id hic ut. Soluta omnis voluptates laboriosam vel soluta saepe.',1,0,'2014-12-12 22:51:16'),(22,3,28,38,4,2,'Rem quia ut cumque soluta ut. Cum recusandae cumque deleniti repellat quibusdam. Similique totam fugiat iste eos impedit corporis dignissimos.',0,1,'2019-07-13 12:16:00'),(23,3,53,28,2,4,'Occaecati eum molestias neque totam sint totam. Rerum ut sunt suscipit ut eius suscipit. Voluptatum pariatur debitis explicabo eum. Velit optio rem placeat voluptates nulla quia.',0,0,'2015-10-23 23:01:55'),(24,3,13,16,4,4,'In et illum velit quasi eaque. Totam dolor est dicta nihil sunt. Aut neque placeat aut libero.',1,0,'2018-01-29 04:46:28'),(25,3,28,8,4,2,'Voluptatem ea quia sit aut. Ipsum ducimus soluta suscipit odit harum. Autem similique velit in asperiores.',0,0,'2013-10-21 18:15:06'),(26,3,38,100,2,2,'Corporis soluta voluptatem aut et quasi officia voluptatibus. Nihil velit quidem odio aspernatur sunt. Neque ut voluptatem incidunt libero sed.',0,0,'2018-08-07 17:44:24'),(27,3,8,25,4,2,'Ad eius dolor non sapiente ipsam possimus. Itaque totam laudantium quae quisquam. Tempore et velit incidunt esse placeat. Beatae veniam unde ullam voluptatem illum.',0,1,'2013-04-27 02:01:08'),(28,3,57,3,2,4,'Sunt qui at ipsam architecto voluptates dolorem ut velit. Veniam ut eos impedit in quia dicta ut. Sunt eveniet facere dolorem impedit exercitationem eligendi ut.',0,1,'2016-11-20 14:05:50'),(29,3,11,13,2,4,'Ut et aut iusto eos. Voluptatum suscipit ullam laborum illo voluptates alias laudantium. Qui rerum est ad et quo qui magni.',1,1,'2020-01-24 23:31:40'),(30,3,4,64,4,2,'Dignissimos natus ea repudiandae animi eveniet ut. Sit sit quis rerum ipsam. Sed voluptatem fuga voluptatem ratione omnis. Ut nihil provident aut provident qui quia.',1,0,'2020-06-19 06:16:47'),(31,3,9,39,4,2,'Veniam sit et omnis inventore beatae quam animi. Ut non reprehenderit est. Sit et eveniet et alias qui a voluptates.',0,0,'2019-02-05 00:17:56'),(32,3,22,58,4,2,'Quos qui at hic quia. Veniam vitae laudantium nam autem id consequatur est. Repellat et perferendis mollitia. Explicabo modi ut necessitatibus placeat. Dolorem reiciendis nam quidem non velit voluptatum.',1,1,'2013-08-07 09:43:43'),(33,3,10,86,4,2,'Ut rerum ducimus debitis mollitia. Qui corporis dolores vero vel culpa aut eum. Labore quos ipsa vitae exercitationem et ullam. Totam quis et reiciendis facere quod facere nostrum.',1,0,'2011-10-28 06:03:31'),(34,3,25,16,4,4,'Commodi corrupti sint officia aliquid in facilis. In in beatae cum saepe quos quibusdam quas. Consequatur aut nisi odio similique molestias. Ad molestias illo autem officia et.',0,1,'2011-09-26 12:33:16'),(35,3,27,11,4,4,'Aut optio dolores eum ex nobis quos. Animi doloribus ea rerum cupiditate dolores sit quia ut. Eum debitis sed distinctio. Dolorem est nemo repellat amet sed saepe sit.',0,1,'2021-01-09 12:11:02'),(36,3,91,10,2,4,'Modi sint qui eum omnis aut. Iusto ut voluptatem animi repellendus voluptatum qui. Ab voluptates expedita omnis accusantium pariatur. Cum laudantium dolore temporibus nesciunt odio.',1,0,'2021-05-16 07:26:06'),(37,3,21,30,4,4,'Qui sunt incidunt quo vel fuga. Nobis vel debitis explicabo dolore non. Facere eos voluptatem tempora pariatur sint illum.',0,1,'2012-04-24 08:18:14'),(38,3,2,1,2,4,'Nesciunt id deserunt id praesentium aperiam. Suscipit in tenetur commodi qui aut atque blanditiis. Saepe sint et voluptatem exercitationem voluptatem voluptatibus. Omnis harum inventore occaecati et beatae delectus.',1,1,'2015-07-29 09:59:06'),(39,3,28,6,4,4,'Nostrum facilis dolorem non. Accusantium hic eos qui rerum. Ex ducimus mollitia commodi et aspernatur quam.',1,0,'2011-08-22 03:13:38'),(40,3,3,2,4,4,'Quos magni numquam id alias facilis. Assumenda eveniet impedit atque quis omnis. Molestiae officia enim aut fuga. Excepturi nihil fuga et id cum dicta.',1,0,'2016-04-13 09:42:48'),(41,3,15,24,2,4,'Cupiditate omnis non earum similique. Ducimus unde numquam perspiciatis illo nihil esse incidunt sequi. Quae in optio est et provident animi. Atque sint non minus et.',1,0,'2019-11-14 00:02:54'),(42,3,11,94,4,2,'Quis cum aliquid qui consequatur illo. Qui magnam quam nihil molestias consequatur excepturi. Est vero animi quia et repellendus molestiae ut. Et veritatis et dolorem.',0,1,'2013-01-17 03:04:23'),(43,3,26,3,4,2,'Id consequatur eius sunt necessitatibus vero. Impedit repellat corporis sit nobis et in. Modi maiores recusandae hic ut deserunt dolores.',0,1,'2016-06-02 22:56:41'),(44,3,7,85,4,2,'Est repellendus vitae enim ex. Enim sequi ratione fugiat modi fugit facere est dolor. Aspernatur consectetur laudantium tempore voluptatum sunt libero hic. Quasi aut sit ducimus earum autem nostrum a.',0,0,'2020-03-17 12:51:34'),(45,3,45,6,2,2,'Perferendis fugiat pariatur autem sunt. Cum recusandae est culpa tempore perspiciatis cum quae. Voluptates ea cupiditate aliquam illum suscipit tempore. Consectetur temporibus non laborum beatae.',0,0,'2021-04-20 06:24:58'),(46,3,100,11,2,4,'Esse rerum inventore numquam ut pariatur sint quae est. Delectus minima eius consectetur nobis. Aspernatur quae exercitationem accusantium eius saepe minima maxime.',0,0,'2016-09-26 06:56:05'),(47,3,17,9,4,2,'Distinctio occaecati et adipisci dolorem. Non tempora sint est perferendis et. Eius consequatur ipsum aut suscipit dolor eum. Cumque mollitia asperiores nesciunt autem non molestiae.',1,1,'2013-03-26 12:17:56'),(48,3,12,25,4,2,'Sequi omnis similique possimus facilis aut. Eos atque nisi optio quam dicta qui. Quidem temporibus saepe officiis facere dolorem sed.',0,1,'2019-09-17 10:45:16'),(49,3,7,24,4,4,'Hic est necessitatibus eveniet vitae voluptatem. Voluptatem consequatur nesciunt recusandae. Pariatur accusantium reprehenderit optio vero. Eum est dolores aliquam et rem quo. Eos deleniti accusamus consequatur quo omnis.',0,1,'2013-08-07 23:56:26'),(50,3,97,13,2,4,'Commodi dolores vitae vitae qui qui nam error. Veritatis repellat et ut totam autem et maxime. Ratione fuga voluptatem optio unde.',0,0,'2019-03-23 00:57:08'),(51,3,78,30,2,4,'Illo minus maxime dolorem vero voluptas rerum fuga. Eum nostrum ratione itaque. In quis ipsa nam pariatur dolor culpa.',0,0,'2018-09-15 22:48:33'),(52,3,11,27,4,2,'Possimus quia quos ut et iusto maiores tenetur. Et aperiam nam enim aut odit. Cupiditate perferendis voluptas itaque. Officiis amet id tempore et sapiente.',1,1,'2012-12-12 04:19:28'),(53,3,92,19,2,4,'Quae enim mollitia quisquam dicta eius consequatur aliquam. Modi voluptas qui numquam ducimus et. Harum eveniet veniam quae. Inventore dolorum sint in deserunt quas odio.',0,1,'2016-01-30 09:12:27'),(54,3,87,35,2,2,'Accusantium at repudiandae vero incidunt. Velit veritatis rerum ad est. Accusantium quasi aliquid assumenda eum adipisci. At cumque laboriosam enim nemo nesciunt velit.',1,1,'2018-04-06 14:48:06'),(55,3,2,22,4,4,'Voluptatem optio autem quae qui. Dolore iste sit vel voluptas porro. Pariatur magni consectetur molestias provident.',0,1,'2013-02-15 03:33:15'),(56,3,65,37,2,2,'Ut quas aut suscipit dolores ut minus. Rerum quae et voluptatem aperiam. Alias corporis nesciunt est provident fugiat hic.',1,1,'2011-07-02 00:22:28'),(57,3,20,17,2,4,'Eos quia et dolores expedita ad architecto enim. Enim vitae quis odio repellendus quis eaque. Quisquam sed quos quia fuga cupiditate dignissimos et nostrum.',1,1,'2019-12-26 14:37:52'),(58,3,2,65,2,2,'Voluptatem est est libero voluptate reiciendis consequatur natus. Non consequuntur autem sed officiis deleniti asperiores quae. Consequuntur iure quaerat praesentium cumque et pariatur. Sapiente omnis voluptates cum inventore et.',1,1,'2015-10-14 14:33:23'),(59,3,20,12,4,2,'Aut officia facere id id. Aut sit excepturi quos assumenda. Quam in doloribus corrupti quo. Dolore accusamus et aut sunt consectetur quaerat non.',0,1,'2013-12-01 23:42:23'),(60,3,2,26,4,2,'Dolorum quisquam nam harum quam est hic. Tempore consectetur sint et et. Qui facilis qui quasi velit.',1,1,'2012-01-02 15:53:48'),(61,3,9,22,4,4,'Quod eius ipsam fuga. Et quaerat rerum laudantium quia quia provident sapiente. Eum voluptatibus aut nisi eos assumenda. In unde ut necessitatibus labore doloremque ratione fuga nam.',1,0,'2018-10-13 20:39:22'),(62,3,71,67,2,2,'Quis commodi et porro ipsam sed ea. Et totam quaerat sit odit consectetur eligendi. Occaecati sit asperiores hic atque dolor vel culpa.',1,1,'2019-11-07 19:39:47'),(63,3,30,29,4,2,'Distinctio nostrum voluptas quia laborum ab voluptatibus voluptatibus sed. Ex non ipsam distinctio tempore doloremque. Adipisci delectus eius fugit autem voluptates praesentium vero.',1,0,'2017-11-22 10:38:52'),(64,3,10,43,4,2,'Occaecati deleniti est quae autem. Sit consequuntur incidunt non voluptatibus praesentium molestiae saepe. Laboriosam labore iste corrupti accusantium aperiam a. Esse incidunt debitis ducimus vel placeat.',1,1,'2015-02-05 06:05:30'),(65,3,1,25,2,4,'Nostrum voluptatem ipsam occaecati earum. Molestiae fugit fuga repellat. Autem quasi autem fugiat labore consequuntur. Beatae laboriosam officia voluptas et. Consectetur dolorum molestiae voluptas in.',0,1,'2012-11-26 11:14:45'),(66,3,21,2,4,4,'Qui veniam ut voluptas porro minus. Qui distinctio qui reprehenderit ipsam soluta dolore.',0,0,'2016-09-26 17:32:44'),(67,3,28,73,4,2,'Neque earum et ut. Voluptatibus consequatur et repellendus voluptate. Et et ullam at quia dolorum quis nesciunt.',0,0,'2017-03-20 18:46:00'),(68,3,33,23,2,4,'Sint molestiae occaecati quidem sunt esse at. Error doloremque suscipit sunt veritatis tempora nostrum dolor. Eveniet at repellat facilis laboriosam ipsum. Aliquam voluptatem aut eos aliquam.',0,1,'2016-09-05 06:12:53'),(69,3,20,19,2,4,'Inventore voluptate dignissimos enim vitae odit iste. Aperiam officia in tempora numquam qui. Tenetur quasi ipsam numquam illo id.',0,0,'2011-11-17 21:43:00'),(70,3,14,27,4,4,'Doloremque accusantium ad nobis corporis beatae officia vel. Ut voluptatem deserunt repellat vel enim dolor aperiam. Quia totam magnam quibusdam velit. Rerum tempore aut voluptatem rerum ad quas quia.',1,1,'2016-09-28 10:09:27'),(71,3,59,15,2,4,'Autem asperiores sed voluptatem qui aliquam autem ea. Voluptatem facere et ut incidunt maiores. Reprehenderit culpa iure explicabo. Voluptatum vitae atque fuga.',0,0,'2012-09-22 18:14:22'),(72,3,76,52,2,2,'Sint modi nisi voluptatem vel fuga. Sunt corrupti consectetur magni sed. Provident libero cumque velit excepturi qui sunt. Provident modi et et consequatur autem.',0,1,'2017-05-21 12:22:37'),(73,3,7,25,4,4,'Ea fugit quam qui delectus ut et voluptatem quis. Qui molestias doloribus sed qui molestias. Reiciendis doloremque aut minus velit corrupti et molestiae.',0,0,'2019-05-04 15:44:39'),(74,3,11,18,4,4,'Officia ipsa libero in sunt cum dolor minima. Esse molestias culpa ratione. Odio aut eos perferendis quasi esse. Impedit distinctio corporis debitis qui quis ut quo. Quia natus dolorum tempora maxime dolores ab.',0,1,'2011-10-26 12:04:07'),(75,3,49,13,2,4,'Qui quaerat quaerat nam molestiae quis exercitationem animi amet. Aut et deserunt exercitationem nihil aut mollitia. Veniam eos enim dolorem error inventore velit.',0,1,'2019-06-04 10:13:11'),(76,3,73,13,2,4,'Laboriosam sint omnis eligendi ut autem. Itaque adipisci ducimus tempore ut nemo quam et.',1,0,'2014-12-14 18:23:27'),(77,3,22,28,4,4,'Perspiciatis vel magni dolorem veniam dolores et porro. Cumque iste dolorum ipsum aliquid et quaerat. Nihil deserunt voluptatem et enim. Molestiae ex quia distinctio laboriosam et veniam facilis.',0,1,'2018-12-22 07:14:20'),(78,3,1,74,4,2,'Et aliquam iure necessitatibus nam iusto qui. Quia dolorem aliquid molestias dolores. Modi vitae error laborum neque laborum voluptate enim. Incidunt dolorem ratione exercitationem reiciendis aspernatur ex labore.',0,0,'2020-05-28 20:58:01'),(79,3,25,10,4,2,'Ipsam reprehenderit nostrum possimus deserunt omnis ducimus. Asperiores est assumenda illum pariatur cumque asperiores. Dolorem exercitationem consequuntur sed dolores voluptas excepturi nesciunt.',0,1,'2017-01-21 07:12:07'),(80,3,72,39,2,2,'Dicta quis dolor provident exercitationem eos nisi quae quisquam. Fuga ipsa vel sunt aspernatur iusto. Earum non similique aliquam dolorum. Non qui maxime quaerat aut sed autem.',0,0,'2016-11-07 17:08:48'),(81,3,19,93,4,2,'Id unde tenetur odit rerum ad aperiam. Veniam placeat ipsum hic at fugiat autem praesentium. Corrupti nisi nihil qui reprehenderit.',0,0,'2018-01-06 03:41:01'),(82,3,4,24,4,4,'Accusantium neque eos repudiandae dignissimos. Ea quia molestiae rem perferendis voluptatem nemo magnam. Quod velit illum odit sint. Est minima mollitia amet.',0,1,'2018-11-13 01:43:03'),(83,3,12,23,2,4,'Commodi quia corporis alias voluptatem voluptates. Dolor beatae molestiae quia eligendi magnam sapiente ullam. Iusto perferendis eum ea beatae et. Dolores qui saepe ea cumque velit animi vitae rerum.',0,0,'2019-08-04 12:24:30'),(84,3,75,23,2,4,'Non voluptatem et quia numquam aut. Quod omnis voluptas deserunt repudiandae. Voluptatem sunt enim velit accusantium et ut. Et voluptatum qui aut rerum quisquam.',1,0,'2013-06-27 10:39:29'),(85,3,24,29,2,2,'Ut id modi est consequatur reiciendis alias. Mollitia ex eos voluptas et hic.',0,1,'2017-08-23 01:50:38'),(86,3,28,3,2,4,'Asperiores quis ut earum qui quam minima. Soluta sed tempore aut quasi. Ea qui autem nihil. Repellat sit animi blanditiis itaque.',1,0,'2018-05-24 18:38:29'),(87,3,94,10,2,4,'Non enim in repudiandae sapiente. Veniam et ut quibusdam soluta ut. Et ipsum vel facere consequuntur et. Nam rerum excepturi necessitatibus unde molestias autem aliquam. Consequatur velit dolorum aut minus quas laboriosam.',0,1,'2020-05-16 01:19:05'),(88,3,56,10,2,4,'Aspernatur vel laboriosam est ratione. Enim delectus nemo nam quia. Voluptatem commodi ab cum illo repudiandae nostrum totam. Laborum sunt adipisci vitae vel cum est est.',0,0,'2018-03-08 19:55:30'),(89,3,7,59,2,2,'Et deleniti voluptatem veritatis voluptatibus quis. Temporibus nostrum laudantium facere quos velit ab. Id ipsum fugiat accusantium. Est sunt laboriosam maxime fuga omnis ipsam.',0,0,'2013-05-02 19:05:09'),(90,3,66,20,2,4,'Dolore et laboriosam amet hic omnis. Incidunt et corrupti quisquam molestiae voluptatum id. Consectetur maiores accusantium tenetur suscipit. Voluptatum inventore et illo accusamus in facere iste.',0,0,'2014-08-06 17:48:28'),(91,3,15,85,2,2,'Temporibus aliquam eos ad consequatur quibusdam qui voluptatem. Magnam fugit possimus neque dolore. Necessitatibus provident dignissimos temporibus quas earum atque a.',1,1,'2020-12-20 04:05:01'),(92,3,54,100,2,2,'Rerum ullam voluptate ea harum hic. Magnam aut corporis optio cum qui. Eos recusandae quas nam nobis deleniti.',0,1,'2013-05-07 11:03:48'),(93,3,22,13,2,4,'Ratione id porro voluptas tempora explicabo. Facilis iste dolores reiciendis porro. Ullam optio in alias et deleniti non.',0,0,'2014-12-23 21:41:25'),(94,3,22,29,2,2,'Id excepturi aut sequi voluptates sint incidunt placeat. Sunt culpa molestias mollitia assumenda tenetur voluptate. Doloribus quasi beatae et est dolor commodi.',0,0,'2014-12-28 10:34:30'),(95,3,9,12,2,4,'Fugiat maxime ut ut totam nam eos. Dolores laborum error repellat quia accusamus corporis. Quia voluptas autem cupiditate. Et velit quis ut qui.',1,1,'2015-05-09 00:08:55'),(96,3,3,26,2,4,'Vel rerum quae incidunt nostrum. Magni dolorum voluptatem voluptatem consectetur ipsa minus. Velit ducimus numquam ut voluptatem et.',0,0,'2015-01-11 06:44:27'),(97,3,6,93,4,2,'Repellendus cum aut iusto. Reprehenderit est recusandae omnis quo vel consequatur. Nulla sit modi voluptatem natus vero dolore sint sit.',1,0,'2016-12-23 21:46:34'),(98,3,17,6,4,4,'Velit sed est sed est quaerat quo. Odio dolorem libero dolorum consequatur. Porro incidunt non doloribus labore dolore sit eum. Sequi repellendus iste facilis quae architecto nemo impedit.',0,1,'2012-12-06 02:58:22'),(99,3,15,19,4,4,'Minus cupiditate voluptate hic ut. Deserunt consequatur laudantium perferendis odio. Voluptatum occaecati asperiores distinctio dolorem esse. Neque et similique delectus rem.',0,1,'2017-12-01 04:10:37'),(100,3,18,15,2,2,'Necessitatibus et a nesciunt quod repudiandae est qui. Aut id dolore laborum at et qui ea. Et harum natus sunt aliquam incidunt voluptas excepturi. Totam id iusto voluptas possimus minus voluptatibus. Sed facere alias quos qui voluptate corporis tenetur debitis.',1,0,'2019-08-07 13:32:49');
/*!40000 ALTER TABLE `messages` ENABLE KEYS */;
UNLOCK TABLES;

--
-- Table structure for table `orders`
--

DROP TABLE IF EXISTS `orders`;
/*!40101 SET @saved_cs_client     = @@character_set_client */;
/*!50503 SET character_set_client = utf8mb4 */;
CREATE TABLE `orders` (
  `id` int unsigned NOT NULL AUTO_INCREMENT,
  `user_id` int unsigned NOT NULL,
  `item_id` int unsigned NOT NULL,
  `order_status` enum('awaiting payment','paid','canceled') CHARACTER SET utf8mb4 COLLATE utf8mb4_unicode_ci NOT NULL,
  `shipping_status` enum('pending','shipped','delivered') CHARACTER SET utf8mb4 COLLATE utf8mb4_unicode_ci NOT NULL,
  `created_at` datetime DEFAULT CURRENT_TIMESTAMP,
  `updated_at` datetime DEFAULT CURRENT_TIMESTAMP ON UPDATE CURRENT_TIMESTAMP COMMENT '╨Т╤А╨╡╨╝╤П ╨╛╨▒╨╜╨╛╨▓╨╗╨╡╨╜╨╕╤П ╤Б╤В╤А╨╛╨║╨╕',
  PRIMARY KEY (`id`),
  KEY `orders_user_id_fk` (`user_id`),
  KEY `orders_item_id_fk` (`item_id`),
  CONSTRAINT `orders_item_id_fk` FOREIGN KEY (`item_id`) REFERENCES `items` (`id`) ON DELETE CASCADE,
  CONSTRAINT `orders_user_id_fk` FOREIGN KEY (`user_id`) REFERENCES `users` (`id`) ON DELETE CASCADE
) ENGINE=InnoDB AUTO_INCREMENT=101 DEFAULT CHARSET=utf8mb4 COLLATE=utf8mb4_unicode_ci;
/*!40101 SET character_set_client = @saved_cs_client */;

--
-- Dumping data for table `orders`
--

LOCK TABLES `orders` WRITE;
/*!40000 ALTER TABLE `orders` DISABLE KEYS */;
INSERT INTO `orders` VALUES (1,49,63,'paid','shipped','2019-02-20 17:16:02','2021-05-27 16:11:04'),(2,74,20,'paid','shipped','2020-03-08 08:57:33','2020-10-01 07:23:45'),(3,12,75,'canceled','pending','2016-04-08 23:36:50','2021-05-27 16:11:04'),(4,77,64,'awaiting payment','pending','2021-04-30 02:08:58','2021-05-27 16:11:04'),(5,79,78,'canceled','pending','2016-06-08 09:21:42','2021-05-27 16:11:04'),(6,31,56,'awaiting payment','pending','2011-11-12 18:47:52','2014-02-28 23:12:50'),(7,33,75,'paid','pending','2013-10-31 08:27:58','2017-04-15 12:17:37'),(8,50,23,'paid','shipped','2021-05-01 07:39:10','2021-05-27 16:11:04'),(9,89,60,'awaiting payment','delivered','2020-01-03 07:30:07','2021-05-27 16:11:04'),(10,18,25,'paid','pending','2011-06-11 06:53:03','2014-12-20 14:56:43'),(11,50,74,'paid','pending','2018-04-27 07:26:38','2021-05-27 16:11:04'),(12,46,47,'awaiting payment','delivered','2011-10-07 12:59:26','2018-03-28 19:41:41'),(13,55,49,'paid','delivered','2013-04-12 03:13:44','2015-09-30 06:57:48'),(14,57,7,'paid','delivered','2014-05-07 06:45:02','2019-06-15 15:33:31'),(15,12,64,'paid','shipped','2013-01-02 02:45:29','2016-07-15 11:53:59'),(16,8,61,'awaiting payment','pending','2015-04-04 11:23:13','2018-12-29 15:00:08'),(17,26,82,'canceled','shipped','2017-07-12 03:34:25','2021-05-27 16:11:04'),(18,80,38,'paid','shipped','2021-02-03 22:13:27','2021-05-27 16:11:04'),(19,56,56,'canceled','shipped','2012-03-14 09:05:24','2021-05-08 18:27:03'),(20,2,35,'canceled','pending','2017-08-19 10:22:52','2020-11-02 08:11:44'),(21,34,32,'canceled','shipped','2016-03-25 02:34:20','2016-12-30 06:14:31'),(22,90,67,'awaiting payment','delivered','2013-10-23 08:49:21','2013-10-30 18:45:07'),(23,6,40,'awaiting payment','shipped','2018-12-11 00:06:32','2021-05-27 16:11:04'),(24,89,95,'paid','delivered','2016-10-29 02:37:30','2021-05-27 16:11:04'),(25,99,7,'paid','pending','2018-12-11 07:12:28','2020-01-20 02:03:20'),(26,19,49,'paid','shipped','2019-06-01 14:28:16','2021-05-27 16:11:04'),(27,80,64,'awaiting payment','delivered','2015-08-06 14:20:41','2018-04-27 16:25:01'),(28,95,35,'canceled','delivered','2018-10-23 16:55:32','2021-05-27 16:11:04'),(29,12,51,'awaiting payment','shipped','2017-10-05 12:53:47','2020-04-02 19:55:10'),(30,42,24,'awaiting payment','shipped','2014-09-10 09:33:48','2020-09-29 20:11:41'),(31,15,50,'awaiting payment','delivered','2017-03-26 04:47:08','2019-01-12 19:18:43'),(32,84,41,'awaiting payment','shipped','2011-06-15 20:30:42','2014-01-03 20:53:30'),(33,31,64,'canceled','delivered','2017-02-03 18:49:16','2020-05-11 02:49:09'),(34,78,86,'paid','shipped','2018-10-22 09:34:42','2021-05-27 16:11:04'),(35,20,79,'canceled','pending','2015-08-25 08:39:22','2017-04-26 12:56:18'),(36,21,53,'paid','pending','2012-01-18 21:06:52','2020-11-10 13:04:23'),(37,11,11,'paid','delivered','2019-01-12 05:19:31','2021-05-27 16:11:04'),(38,20,16,'paid','pending','2012-10-26 06:10:53','2021-01-20 00:32:53'),(39,50,8,'awaiting payment','pending','2012-09-08 08:18:01','2020-08-14 03:11:50'),(40,10,49,'awaiting payment','delivered','2016-06-17 12:08:51','2018-05-25 08:56:56'),(41,15,29,'canceled','pending','2016-03-15 09:53:18','2018-10-11 21:20:36'),(42,97,95,'canceled','delivered','2017-02-09 12:35:42','2019-05-05 04:02:48'),(43,93,91,'canceled','delivered','2019-07-24 14:02:33','2021-05-27 16:11:04'),(44,30,5,'awaiting payment','pending','2019-04-05 01:54:04','2021-05-27 16:11:04'),(45,42,71,'paid','pending','2018-08-10 03:33:18','2021-05-27 16:11:04'),(46,28,57,'canceled','delivered','2016-02-23 22:27:42','2021-05-27 16:11:04'),(47,20,12,'awaiting payment','delivered','2016-09-22 13:12:44','2019-01-26 10:34:02'),(48,97,50,'awaiting payment','delivered','2019-11-26 18:24:48','2021-05-27 16:11:04'),(49,75,75,'paid','pending','2017-01-06 12:38:52','2017-02-10 13:38:34'),(50,36,94,'canceled','pending','2014-04-16 11:52:59','2014-10-04 21:21:49'),(51,53,56,'awaiting payment','shipped','2018-02-21 08:49:54','2020-08-17 05:31:09'),(52,47,64,'paid','pending','2017-09-06 09:53:59','2021-05-27 16:11:04'),(53,66,66,'paid','pending','2012-12-04 13:14:45','2012-12-23 19:45:49'),(54,80,16,'awaiting payment','shipped','2016-12-07 21:48:16','2021-01-20 00:08:36'),(55,74,89,'paid','pending','2016-04-15 20:07:57','2021-05-27 16:11:04'),(56,64,89,'canceled','shipped','2018-04-13 04:13:21','2021-05-27 16:11:04'),(57,18,61,'awaiting payment','shipped','2018-01-13 14:05:17','2019-07-26 02:15:23'),(58,83,10,'awaiting payment','delivered','2014-05-14 08:26:38','2015-03-21 13:07:51'),(59,52,13,'awaiting payment','pending','2012-01-31 14:04:38','2019-07-03 01:15:59'),(60,15,94,'paid','pending','2019-12-17 07:35:55','2021-05-27 16:11:04'),(61,83,42,'paid','shipped','2021-03-09 18:19:13','2021-05-27 16:11:04'),(62,50,2,'canceled','shipped','2012-09-27 17:08:04','2013-02-01 10:36:38'),(63,54,46,'canceled','shipped','2015-11-05 00:37:00','2017-09-24 07:03:47'),(64,52,29,'awaiting payment','shipped','2016-03-24 12:21:16','2021-05-27 16:11:04'),(65,20,87,'canceled','delivered','2012-02-21 14:46:58','2020-04-19 01:44:34'),(66,22,73,'canceled','pending','2019-10-15 08:58:06','2021-05-27 16:11:04'),(67,43,69,'canceled','pending','2011-07-19 12:58:26','2013-08-03 15:55:50'),(68,36,9,'paid','pending','2018-10-13 09:55:28','2021-05-27 16:11:04'),(69,35,15,'awaiting payment','shipped','2012-04-07 10:57:54','2015-04-06 13:17:19'),(70,25,9,'canceled','delivered','2018-03-11 19:11:46','2021-05-27 16:11:04'),(71,4,89,'paid','pending','2019-03-24 00:06:39','2021-05-27 16:11:04'),(72,97,22,'paid','delivered','2013-08-12 02:41:26','2021-01-25 05:19:37'),(73,49,80,'paid','delivered','2014-11-05 11:11:29','2019-03-05 07:01:21'),(74,32,1,'awaiting payment','pending','2014-12-10 10:34:39','2019-03-23 17:03:45'),(75,92,46,'awaiting payment','delivered','2020-05-03 11:52:14','2021-05-27 16:11:04'),(76,94,74,'paid','shipped','2014-07-05 18:05:43','2021-05-06 09:44:31'),(77,88,43,'paid','delivered','2020-01-15 14:48:33','2021-05-27 16:11:04'),(78,76,41,'awaiting payment','pending','2020-01-14 14:50:35','2021-05-27 16:11:04'),(79,89,28,'awaiting payment','shipped','2016-01-10 15:35:04','2021-05-27 16:11:04'),(80,69,9,'paid','shipped','2020-08-19 23:11:34','2021-05-27 16:11:04'),(81,14,91,'canceled','shipped','2018-07-22 08:37:21','2021-05-27 16:11:04'),(82,82,57,'canceled','delivered','2012-08-28 08:19:56','2017-05-25 16:53:38'),(83,60,18,'awaiting payment','delivered','2016-01-29 20:35:58','2021-05-27 16:11:04'),(84,66,94,'awaiting payment','shipped','2015-02-09 22:37:35','2017-11-04 06:18:51'),(85,33,90,'paid','pending','2015-04-29 02:08:13','2021-05-27 16:11:04'),(86,2,36,'canceled','pending','2013-12-30 11:53:49','2019-04-04 23:37:48'),(87,78,99,'canceled','delivered','2013-03-26 20:58:23','2020-06-01 08:39:33'),(88,58,27,'awaiting payment','delivered','2017-12-06 23:49:12','2018-04-14 09:03:10'),(89,78,89,'paid','delivered','2013-07-01 06:03:31','2016-01-06 11:15:35'),(90,27,69,'canceled','shipped','2013-08-31 23:25:37','2017-04-28 15:38:06'),(91,35,21,'awaiting payment','pending','2017-08-11 03:44:11','2020-02-26 02:53:59'),(92,42,23,'paid','shipped','2014-02-21 08:30:54','2021-05-27 16:11:04'),(93,64,18,'canceled','pending','2018-10-30 06:04:21','2018-11-16 22:14:54'),(94,64,52,'paid','delivered','2017-07-23 19:17:01','2021-05-27 16:11:04'),(95,45,33,'paid','pending','2020-06-22 14:06:24','2021-05-27 16:11:04'),(96,61,59,'awaiting payment','pending','2014-06-16 19:40:17','2021-05-27 16:11:04'),(97,24,42,'canceled','shipped','2019-08-16 17:19:30','2021-05-27 16:11:04'),(98,16,83,'paid','delivered','2013-10-24 06:52:58','2021-05-27 16:11:04'),(99,59,81,'awaiting payment','delivered','2016-02-06 22:17:05','2016-12-16 02:57:27'),(100,77,91,'paid','delivered','2019-06-06 21:59:13','2021-05-27 16:11:04');
/*!40000 ALTER TABLE `orders` ENABLE KEYS */;
UNLOCK TABLES;

--
-- Table structure for table `profiles`
--

DROP TABLE IF EXISTS `profiles`;
/*!40101 SET @saved_cs_client     = @@character_set_client */;
/*!50503 SET character_set_client = utf8mb4 */;
CREATE TABLE `profiles` (
  `user_id` int unsigned NOT NULL COMMENT '╨б╤Б╤Л╨╗╨║╨░ ╨╜╨░ ╨┐╨╛╨╗╤М╨╖╨╛╨▓╨░╤В╨╡╨╗╤П',
  `gender` char(1) CHARACTER SET utf8mb4 COLLATE utf8mb4_unicode_ci NOT NULL COMMENT '╨Я╨╛╨╗',
  `birthday` date DEFAULT NULL COMMENT '╨Ф╨░╤В╨░ ╤А╨╛╨╢╨┤╨╡╨╜╨╕╤П',
  `description` varchar(100) CHARACTER SET utf8mb4 COLLATE utf8mb4_unicode_ci DEFAULT NULL,
  `city_id` int unsigned DEFAULT NULL COMMENT '╨б╤Б╤Л╨╗╨║╨░ ╨╜╨░ ╨│╨╛╤А╨╛╨┤ ╨┐╤А╨╛╨╢╨╕╨▓╨░╨╜╨╕╤П',
  `created_at` datetime DEFAULT CURRENT_TIMESTAMP COMMENT '╨Т╤А╨╡╨╝╤П ╤Б╨╛╨╖╨┤╨░╨╜╨╕╤П ╤Б╤В╤А╨╛╨║╨╕',
  `updated_at` datetime DEFAULT CURRENT_TIMESTAMP ON UPDATE CURRENT_TIMESTAMP COMMENT '╨Т╤А╨╡╨╝╤П ╨╛╨▒╨╜╨╛╨▓╨╗╨╡╨╜╨╕╤П ╤Б╤В╤А╨╛╨║╨╕',
  PRIMARY KEY (`user_id`),
  KEY `profiles_city_id_fk` (`city_id`),
  CONSTRAINT `profiles_city_id_fk` FOREIGN KEY (`city_id`) REFERENCES `cities` (`id`) ON DELETE SET NULL,
  CONSTRAINT `profiles_user_id_fk` FOREIGN KEY (`user_id`) REFERENCES `users` (`id`) ON DELETE CASCADE
) ENGINE=InnoDB DEFAULT CHARSET=utf8mb4 COLLATE=utf8mb4_unicode_ci COMMENT='╨Я╤А╨╛╤Д╨╕╨╗╨╕';
/*!40101 SET character_set_client = @saved_cs_client */;

--
-- Dumping data for table `profiles`
--

LOCK TABLES `profiles` WRITE;
/*!40000 ALTER TABLE `profiles` DISABLE KEYS */;
INSERT INTO `profiles` VALUES (1,'M','2015-02-18','Beatae voluptates inventore sed facilis facere est. Aliquam voluptas ex aliquam aliquam sed. Alias f',68,'2020-10-03 05:26:09','2021-05-27 16:11:22'),(2,'F','2020-06-14','Qui nihil aut omnis itaque. Mollitia accusamus nisi sed eaque placeat voluptatem totam et. Necessita',55,'2019-08-04 13:25:48','2021-05-27 16:11:22'),(3,'M','2012-03-02','Inventore voluptate et veritatis et dolorem occaecati. Numquam autem aut enim ea. Cupiditate molesti',63,'2019-11-08 23:14:27','2021-05-27 16:11:22'),(4,'F','2014-07-08','Impedit facilis eligendi perferendis consequatur numquam porro sed quia. Et consequuntur sint non iu',30,'2011-08-18 07:30:36','2011-11-21 21:33:04'),(5,'F','2018-03-01','Facere voluptatem pariatur quae ut magnam quasi ratione veritatis. Consectetur corporis ex alias fac',7,'2013-10-17 07:21:29','2020-01-18 05:54:03'),(6,'M','2014-12-02','Quos necessitatibus ipsa ad maiores delectus voluptas inventore. Voluptatum quidem magni voluptas qu',12,'2014-06-26 08:39:19','2021-05-27 16:11:22'),(7,'M','2019-02-14','Rerum dolore dolores temporibus in animi. Sit modi et delectus maiores voluptate. Ut quod voluptatem',44,'2019-01-06 13:23:55','2021-05-27 16:11:22'),(8,'F','2021-05-15','Provident velit saepe vel possimus in ipsum eos. Ut architecto totam iusto est aut saepe quam. Delec',17,'2014-10-09 01:08:39','2021-05-27 16:11:22'),(9,'M','2018-01-09','Dolorem ratione est molestiae amet quo. Aliquid id ut eius aut.',89,'2012-06-06 14:13:59','2013-02-27 18:18:24'),(10,'M','2018-08-08','Officiis et alias eos. Ab blanditiis quia nulla quis qui amet. Et quia necessitatibus adipisci volup',76,'2016-03-11 19:41:12','2019-03-01 20:40:04'),(11,'F','2012-11-23','Eaque delectus omnis mollitia velit. Explicabo totam amet aut natus eum. Nisi totam expedita aut. Mo',26,'2017-08-28 03:33:20','2021-05-27 16:11:22'),(12,'M','2018-08-02','Hic sunt quasi eos vel. Dolore est a id voluptatum eaque soluta. Quia vel architecto unde deserunt.',96,'2018-06-15 20:26:19','2021-05-27 16:11:22'),(13,'F','2016-09-05','Beatae et praesentium assumenda officiis fugiat veniam. Error necessitatibus placeat voluptas quam e',3,'2019-09-15 16:58:30','2021-05-27 16:11:22'),(14,'M','2015-05-14','Quae sequi vel accusamus praesentium veniam omnis. Nesciunt numquam sunt voluptas rerum accusamus. E',1,'2012-06-22 19:34:41','2017-01-23 20:58:38'),(15,'M','2012-11-06','Quia quod labore in aut ad deleniti. Omnis voluptatibus aliquid vel laborum non sed. Eius earum est ',15,'2015-06-29 22:26:59','2017-01-07 11:19:28'),(16,'F','2020-11-07','Ut animi magni voluptatum qui a dolorem. Harum aut magni dolor deleniti quibusdam voluptates volupta',90,'2015-07-11 21:09:27','2017-11-29 20:08:20'),(17,'M','2017-06-06','Ipsum eum expedita laborum quod dicta recusandae quis nihil. Quis eius atque ut optio dolore est. Qu',44,'2021-05-24 14:13:15','2021-05-27 16:11:22'),(18,'M','2013-07-03','Consequatur aut tempore libero enim. Maiores quasi velit enim officia et. Tempore libero odit conseq',62,'2018-11-15 09:38:13','2021-05-27 16:11:22'),(19,'M','2013-09-20','Adipisci ut ad debitis omnis. Neque minima saepe consectetur eos nostrum incidunt voluptatem volupta',18,'2018-12-01 09:18:30','2020-01-05 14:53:03'),(20,'F','2017-03-28','Fugit et quae ea et sunt eaque est aliquid. Aspernatur reprehenderit culpa id eos ad molestiae. Id q',34,'2017-01-14 00:44:59','2021-05-27 16:11:22'),(21,'F','2018-02-06','Nesciunt rerum a vitae debitis doloribus id. Ipsa voluptatibus ea quas non sit beatae. Vel error non',1,'2018-11-06 18:31:18','2021-05-27 16:11:22'),(22,'F','2018-07-27','Ea animi perferendis nulla sed officia eaque officiis. Vel ad debitis veritatis praesentium voluptas',59,'2012-10-10 08:43:32','2013-10-24 11:17:51'),(23,'F','2013-08-08','Est provident tenetur aut rerum aut. Voluptas pariatur natus est. Maiores ut assumenda est. Cupidita',54,'2014-05-05 07:26:11','2021-05-27 16:11:22'),(24,'F','2011-08-25','Rerum culpa reprehenderit et soluta ab aut. Voluptas est possimus consectetur qui inventore in. Quo ',70,'2012-09-26 15:48:09','2021-05-27 16:11:22'),(25,'F','2016-08-17','Vel at nihil aperiam dolore ea ipsum fugiat aut. Et ratione quisquam ut. Non vitae consequatur volup',10,'2011-08-11 20:51:20','2016-01-16 23:24:39'),(26,'F','2018-02-27','Ut quas iusto assumenda voluptas et. Sunt modi id dolorum sed est. Aspernatur ducimus aliquid magni ',70,'2019-10-18 09:53:01','2021-05-27 16:11:22'),(27,'M','2018-04-26','Hic exercitationem alias aut odio facilis in. Est earum eos placeat libero impedit vero.',15,'2019-06-10 10:42:22','2021-05-27 16:11:22'),(28,'M','2015-07-23','Voluptatem cumque velit eum in praesentium et. Officiis temporibus sit inventore quisquam. Laboriosa',79,'2020-04-29 03:12:54','2021-05-27 16:11:22'),(29,'F','2015-06-04','Ut voluptates commodi cum iste et eaque praesentium. In ipsum assumenda deleniti rem voluptas. Conse',9,'2017-11-16 02:58:41','2021-05-27 16:11:22'),(30,'M','2012-01-14','Accusamus corrupti accusamus asperiores. Nobis ex quasi totam voluptate consequuntur. Quia error ver',13,'2013-09-12 21:14:43','2019-08-08 08:15:57'),(31,'M','2019-06-29','Aut esse in molestiae ut odio. Facilis quia quia molestias voluptatem et et perspiciatis earum. Blan',72,'2019-03-24 06:59:31','2021-05-27 16:11:22'),(32,'F','2016-07-15','Veniam vel exercitationem sint est eos qui id omnis. Dignissimos consequatur quo nihil nesciunt sunt',76,'2019-10-18 01:21:50','2021-05-27 16:11:22'),(33,'F','2012-10-13','Qui et distinctio corporis corrupti consequatur officiis voluptatum quae. Et quas quae ducimus et. P',68,'2018-04-07 01:34:45','2021-05-27 16:11:22'),(34,'M','2019-11-25','Laborum delectus nesciunt sapiente sed voluptatum dolore. Sequi aut sed repellendus minus ut distinc',35,'2013-05-18 01:34:24','2018-08-06 09:12:20'),(35,'M','2012-04-18','Sunt tenetur molestias dolorum ut aut cumque sed. Officia ut in ea consequuntur. Quisquam dolore pro',6,'2016-11-04 21:39:26','2021-05-27 16:11:22'),(36,'M','2018-12-30','Nulla et cupiditate officiis in. Quibusdam vel ea commodi quod harum quis recusandae. Harum cumque d',75,'2016-03-23 18:42:12','2021-05-27 16:11:22'),(37,'M','2013-09-21','Natus nesciunt molestiae velit. Voluptas labore nihil similique maiores dolorem. Minus aut voluptate',46,'2015-03-29 07:38:54','2019-10-27 10:48:24'),(38,'F','2019-11-27','Rerum consequatur accusamus qui inventore aut atque quisquam. Molestias ex veritatis dicta et vitae ',49,'2016-06-06 04:56:56','2021-05-27 16:11:22'),(39,'M','2014-05-22','Nemo fuga quia porro omnis amet magni odit qui. Doloremque porro nihil ab ut. Doloribus quae eveniet',91,'2021-01-09 18:03:50','2021-05-27 16:11:22'),(40,'F','2015-09-24','Et doloribus nihil commodi aliquam eum reprehenderit numquam. Voluptas maxime harum qui et. Quia sit',34,'2018-04-21 08:07:54','2020-09-01 22:04:27'),(41,'M','2013-01-24','Consequatur omnis molestiae at. Natus assumenda ex quasi exercitationem ipsa delectus veritatis. Sun',25,'2016-05-03 15:32:38','2017-03-30 14:54:07'),(42,'M','2018-12-12','Asperiores unde officia molestiae numquam esse vel. Magnam repellendus est beatae modi et earum eos ',16,'2013-03-06 06:22:45','2015-08-08 09:57:42'),(43,'M','2015-08-10','Illo eaque explicabo et libero sint molestiae ex. Et quaerat odio ratione eum optio. Autem perferend',30,'2017-04-13 05:34:09','2021-05-27 16:11:22'),(44,'M','2015-02-02','Aspernatur odio optio illum pariatur qui qui. Ipsum quia omnis amet voluptatibus similique. Iure vel',28,'2017-07-02 10:04:18','2021-01-05 10:31:47'),(45,'M','2013-05-16','Sequi maiores qui mollitia repellendus aspernatur et delectus. Delectus ratione numquam ea corporis ',17,'2016-02-13 21:25:07','2021-05-27 16:11:22'),(46,'M','2012-08-01','Nam quia sint qui nulla. Commodi consequatur et corrupti. Velit quis quia quia velit illo ipsam omni',44,'2012-09-24 11:12:01','2012-10-15 11:02:06'),(47,'F','2011-08-31','Delectus quisquam voluptas et aut fugiat id. Qui doloremque rerum incidunt maxime est doloremque a b',17,'2020-07-13 17:14:18','2021-05-27 16:11:22'),(48,'M','2019-01-12','Ab culpa doloribus ab voluptates. Ut et ab temporibus illum.',61,'2020-09-14 22:29:25','2021-02-03 19:47:45'),(49,'M','2019-02-15','A et sit commodi ut error illum tenetur. Consequatur et voluptatem est illum. Vel numquam dolores mo',6,'2014-10-05 10:20:21','2018-04-17 11:29:11'),(50,'M','2017-04-05','Nesciunt sit velit repellat optio consequatur non esse. Ipsa sequi cupiditate dolorum aliquid saepe ',35,'2012-06-23 23:11:55','2016-01-16 19:13:36'),(51,'M','2013-02-14','Voluptatem veniam amet voluptatum minima aut tempore. Odit incidunt est veritatis non perferendis qu',94,'2015-02-18 03:31:58','2019-04-05 07:27:44'),(52,'M','2017-04-14','Explicabo sint perspiciatis non eius magnam vel. Deleniti voluptatem eos perspiciatis nihil est. Nat',7,'2011-12-30 06:32:10','2016-06-21 22:41:31'),(53,'F','2012-05-11','Est cumque ut temporibus laudantium qui. Magni reprehenderit dolor dicta inventore omnis id quis. Ex',94,'2014-09-29 04:51:36','2021-05-27 16:11:22'),(54,'F','2017-10-19','Est quia ducimus et libero. Nihil enim laudantium fugiat quaerat cupiditate laboriosam. Quae facilis',47,'2012-01-31 20:40:10','2013-05-04 17:55:03'),(55,'M','2019-11-23','Odit aut id sapiente quis et fuga. Non et repudiandae qui quos incidunt. Nihil veniam qui qui qui.',77,'2016-11-16 00:52:45','2018-11-24 22:14:11'),(56,'F','2020-07-19','Quo modi dolores sequi rerum nisi praesentium. Quasi enim corrupti omnis quaerat distinctio consecte',3,'2011-09-02 03:45:16','2018-06-03 10:56:34'),(57,'M','2012-01-12','Odit optio ut reprehenderit et quas beatae. Doloremque ea quia quia velit laboriosam ab.',17,'2013-09-27 22:30:40','2020-08-30 19:04:12'),(58,'F','2016-11-27','Facere quo ab voluptatum excepturi aspernatur nobis. Quo molestiae facere natus saepe id asperiores ',91,'2012-09-25 01:12:22','2018-09-30 20:17:56'),(59,'F','2015-02-27','Voluptas iusto repellat quaerat. Provident quos laboriosam vero vero numquam. Officia culpa eum earu',81,'2012-06-30 22:36:08','2016-11-22 10:52:38'),(60,'M','2020-03-12','Reprehenderit ipsum delectus ratione enim quis. Qui reiciendis architecto autem voluptatem.',25,'2017-08-02 01:59:32','2021-05-27 16:11:22'),(61,'M','2020-11-05','Perspiciatis voluptas earum placeat accusantium explicabo molestias. Nisi rerum consequatur et recus',3,'2016-05-19 13:54:33','2021-05-27 16:11:22'),(62,'F','2016-01-04','Voluptas id non quo dolorem. Facere exercitationem ut voluptatem optio quis. Incidunt beatae consequ',53,'2017-03-11 20:00:31','2021-05-27 16:11:22'),(63,'M','2016-05-11','Dolorum nobis sunt odio. Molestiae quod excepturi sed ipsa ut rerum.',1,'2012-05-10 08:19:11','2018-08-10 10:29:01'),(64,'F','2013-04-10','Cupiditate totam ut aliquam dolor. Porro qui tempora praesentium veniam consequatur. Accusamus sint ',71,'2015-11-22 07:14:54','2021-05-27 16:11:22'),(65,'F','2014-11-16','Non suscipit illo sed sit suscipit exercitationem. Facere illo exercitationem vitae assumenda nulla.',87,'2020-12-06 19:42:41','2021-05-27 16:11:22'),(66,'F','2019-11-12','Ducimus aliquid ipsa aut id vero. Hic corporis non consequatur quas. Excepturi et fuga laborum corpo',6,'2014-06-29 19:29:57','2021-05-27 16:11:22'),(67,'M','2013-01-23','Minus officiis molestias deleniti reprehenderit explicabo. Corrupti perspiciatis recusandae molestia',45,'2015-03-06 21:49:07','2021-05-27 16:11:22'),(68,'F','2019-03-26','Vero omnis velit similique sit distinctio. Sunt quia consequatur magni illum sit nesciunt aut. Ut ma',32,'2016-06-14 11:07:33','2021-05-27 16:11:22'),(69,'M','2011-10-29','Et dolorem ducimus non facilis provident. Tempora nisi harum eius ut ut.',54,'2018-08-20 20:21:51','2021-05-27 16:11:22'),(70,'M','2012-08-27','Et voluptatem magni non velit voluptate animi natus. Vel a laborum omnis ut. Dicta sint aliquid solu',35,'2019-12-03 16:05:33','2021-05-27 16:11:22'),(71,'F','2020-03-01','Fugit rerum officiis aspernatur sit asperiores itaque non. Ipsum cumque numquam exercitationem labor',66,'2014-01-04 22:54:03','2016-01-28 12:35:17'),(72,'M','2019-11-26','Et ratione culpa consequatur et. Rerum esse sint enim iure in velit. Totam ut quo nulla nostrum null',79,'2020-04-04 22:36:40','2021-05-27 16:11:22'),(73,'F','2013-07-23','Dicta id repudiandae iusto sunt aspernatur dicta saepe possimus. Laudantium ut omnis voluptatem at. ',51,'2014-04-15 13:06:09','2021-05-27 16:11:22'),(74,'M','2011-06-20','Consequatur sed quasi cumque. Eum veniam dicta et odit deleniti beatae nulla. Doloribus iusto debiti',95,'2017-08-25 01:07:42','2021-05-27 16:11:22'),(75,'F','2016-07-23','Blanditiis fugiat accusamus inventore ipsum tempore ea reprehenderit. Dolor accusamus eveniet suscip',6,'2020-03-24 03:39:44','2021-05-27 16:11:22'),(76,'M','2016-05-06','Ut et asperiores saepe cupiditate officiis sed delectus. Aperiam temporibus dolorem maxime. Et volup',68,'2020-12-22 12:23:23','2021-05-27 16:11:22'),(77,'M','2016-11-17','Itaque nesciunt in ullam voluptatem quas debitis. Aut tempora sunt ratione et iusto dolorum. Nostrum',39,'2014-07-13 21:20:14','2015-10-03 03:53:42'),(78,'M','2014-11-16','Sit consequatur aspernatur omnis maxime perferendis libero. Id possimus voluptas in aut. Modi simili',23,'2021-04-05 21:23:05','2021-05-27 16:11:22'),(79,'F','2011-07-06','Neque totam rerum enim fugiat non nulla. Quasi exercitationem mollitia maiores qui qui aperiam. Veri',28,'2017-06-18 07:19:09','2021-05-27 16:11:22'),(80,'F','2013-03-13','Odio et saepe fuga ea. Voluptates incidunt quos natus rerum quam soluta.',44,'2013-12-27 16:14:38','2021-05-27 16:11:22'),(81,'M','2014-03-24','Ut nisi mollitia voluptate totam qui. Rerum rerum quo sit necessitatibus perferendis eius non. Eveni',57,'2014-07-26 23:14:03','2020-03-23 04:00:27'),(82,'F','2019-11-30','Voluptatum possimus in eos voluptatem id. Eos minus odio omnis odio quasi voluptatibus. Delectus mol',21,'2014-01-23 13:06:43','2021-05-27 16:11:22'),(83,'F','2012-06-21','Quisquam harum rem culpa voluptatem qui quaerat libero excepturi. Dicta repellendus vero consequatur',51,'2016-02-23 10:46:01','2021-04-26 21:42:30'),(84,'F','2017-09-15','Ex accusantium saepe quaerat quam aliquam voluptas. Et quas aut ducimus provident vitae nisi commodi',50,'2014-06-17 08:52:22','2014-12-16 13:27:33'),(85,'F','2015-05-07','Voluptas consequatur neque voluptatibus distinctio. Aut aut fugiat molestiae eligendi vel. Voluptas ',68,'2011-11-08 13:15:15','2013-03-13 12:21:56'),(86,'M','2012-10-07','Perferendis sed reiciendis quae harum qui. Earum laboriosam exercitationem dolores ea. Saepe dolorib',27,'2019-09-02 18:19:42','2021-02-27 20:30:01'),(87,'M','2020-12-14','Ea harum et ipsa delectus quibusdam. Similique quisquam voluptatum alias qui. Deleniti ullam qui dol',52,'2016-11-02 09:54:10','2021-05-03 17:18:23'),(88,'M','2011-06-15','Sequi ut ea omnis aut rem laboriosam quo. Voluptatem voluptatum sed excepturi quasi rem necessitatib',85,'2017-08-05 12:40:01','2021-05-27 16:11:22'),(89,'M','2017-02-15','Qui quisquam voluptatum possimus maxime. Et quo voluptate cupiditate consequatur quia. Commodi minim',17,'2017-06-01 11:59:45','2021-05-27 16:11:22'),(90,'M','2018-02-01','Est eligendi repellendus non dolor. Dolorem velit libero beatae sit. Aliquid expedita autem aliquid ',33,'2016-10-15 18:44:56','2019-02-09 00:41:23'),(91,'F','2015-11-12','Quasi accusantium et quia assumenda. Aut natus dolores voluptas totam. Nobis aut in beatae omnis qui',10,'2019-05-10 21:05:06','2021-05-27 16:11:22'),(92,'M','2018-03-09','Dolor totam molestiae consequatur eum non dolore in. Ab veniam non vero veritatis fugit amet.',20,'2016-02-12 01:37:02','2021-05-27 16:11:22'),(93,'M','2012-09-15','Mollitia laborum molestias perspiciatis praesentium. Reiciendis laborum saepe illum quis praesentium',85,'2013-07-14 02:46:59','2014-11-23 04:23:46'),(94,'F','2016-08-13','Assumenda voluptate dignissimos doloremque odio velit et voluptatum. Est optio natus atque. Ab adipi',10,'2013-05-02 07:51:42','2021-05-27 16:11:22'),(95,'M','2017-09-08','Voluptatem nihil et placeat in. Autem culpa incidunt porro dicta adipisci. Molestiae non tempore ad ',90,'2014-12-23 04:29:17','2021-05-27 16:11:22'),(96,'F','2017-08-16','Molestiae eum officiis ea aut officiis et totam. Commodi nihil odio corrupti a et debitis quo. Ut de',71,'2012-05-02 11:55:43','2012-06-18 02:39:22'),(97,'F','2013-11-27','Est cumque esse deserunt blanditiis est veritatis. Quia sunt earum illo. Ea sit et eum harum optio.',15,'2019-12-19 07:57:55','2021-05-27 16:11:22'),(98,'M','2019-01-18','Rem tempore illum et eos dicta quaerat. Eaque aut ut dolor est. Minus labore et ut voluptate assumen',34,'2017-02-10 14:46:00','2021-05-27 16:11:22'),(99,'F','2016-11-19','Assumenda aperiam quia eos. Esse provident cum soluta et non. Voluptatibus sint sed qui repellat odi',3,'2014-04-03 05:12:06','2019-08-26 07:06:23'),(100,'M','2017-03-01','Est consequatur doloribus repellat ratione quam. Asperiores laudantium perspiciatis provident odit d',69,'2016-05-14 17:49:52','2019-10-12 03:29:47');
/*!40000 ALTER TABLE `profiles` ENABLE KEYS */;
UNLOCK TABLES;

--
-- Table structure for table `shops`
--

DROP TABLE IF EXISTS `shops`;
/*!40101 SET @saved_cs_client     = @@character_set_client */;
/*!50503 SET character_set_client = utf8mb4 */;
CREATE TABLE `shops` (
  `id` int unsigned NOT NULL AUTO_INCREMENT COMMENT '╨Ш╨┤╨╡╨╜╤В╨╕╤Д╨╕╨║╨░╤В╨╛╤А ╤Б╤А╨╛╨║╨╕',
  `name` varchar(150) CHARACTER SET utf8mb4 COLLATE utf8mb4_unicode_ci NOT NULL COMMENT '╨Э╨░╨╖╨▓╨░╨╜╨╕╨╡ ╨╝╨░╨│╨░╨╖╨╕╨╜╨░',
  `table_type_id` int unsigned NOT NULL,
  `created_at` datetime DEFAULT CURRENT_TIMESTAMP COMMENT '╨Т╤А╨╡╨╝╤П ╤Б╨╛╨╖╨┤╨░╨╜╨╕╤П ╤Б╤В╤А╨╛╨║╨╕',
  `updated_at` datetime DEFAULT CURRENT_TIMESTAMP ON UPDATE CURRENT_TIMESTAMP COMMENT '╨Т╤А╨╡╨╝╤П ╨╛╨▒╨╜╨╛╨▓╨╗╨╡╨╜╨╕╤П ╤Б╤В╤А╨╛╨║╨╕',
  PRIMARY KEY (`id`),
  UNIQUE KEY `name` (`name`),
  KEY `shops_table_type_id_fk` (`table_type_id`),
  CONSTRAINT `shops_table_type_id_fk` FOREIGN KEY (`table_type_id`) REFERENCES `table_types` (`id`) ON DELETE CASCADE
) ENGINE=InnoDB AUTO_INCREMENT=31 DEFAULT CHARSET=utf8mb4 COLLATE=utf8mb4_unicode_ci COMMENT='╨Ь╨░╨│╨░╨╖╨╕╨╜╤Л';
/*!40101 SET character_set_client = @saved_cs_client */;

--
-- Dumping data for table `shops`
--

LOCK TABLES `shops` WRITE;
/*!40000 ALTER TABLE `shops` DISABLE KEYS */;
INSERT INTO `shops` VALUES (1,'aut',4,'2018-01-27 18:28:23','2021-05-27 16:11:43'),(2,'laboriosam',4,'2013-11-30 06:21:26','2016-01-20 01:35:05'),(3,'expedita',4,'2020-01-17 08:16:17','2021-05-27 16:11:43'),(4,'commodi',4,'2011-12-01 22:09:05','2018-03-22 01:42:44'),(5,'occaecati',4,'2011-07-26 17:36:41','2017-07-23 07:29:16'),(6,'ut',4,'2018-09-24 07:28:15','2019-03-18 16:28:35'),(7,'accusamus',4,'2014-10-15 10:26:56','2016-01-18 08:18:08'),(8,'id',4,'2013-03-04 10:54:16','2015-05-17 00:23:30'),(9,'itaque',4,'2015-01-11 02:06:18','2015-01-11 10:36:20'),(10,'omnis',4,'2015-10-05 06:49:41','2021-05-27 16:11:43'),(11,'quo',4,'2013-02-25 22:36:04','2016-11-12 22:40:42'),(12,'enim',4,'2020-07-24 12:08:13','2021-05-27 16:11:43'),(13,'voluptatem',4,'2019-06-16 17:48:45','2021-05-27 16:11:43'),(14,'a',4,'2015-10-02 14:50:01','2021-05-27 16:11:43'),(15,'harum',4,'2017-12-13 14:36:02','2021-05-27 16:11:43'),(16,'neque',4,'2012-10-17 01:53:47','2016-01-25 11:25:59'),(17,'totam',4,'2013-01-18 13:06:28','2020-10-02 10:23:20'),(18,'maxime',4,'2013-02-02 11:59:49','2015-11-24 02:10:39'),(19,'optio',4,'2015-10-18 21:48:21','2021-05-27 16:11:43'),(20,'praesentium',4,'2013-12-18 16:50:35','2016-10-17 18:50:50'),(21,'minima',4,'2014-11-25 00:24:28','2016-08-30 08:08:58'),(22,'quis',4,'2017-09-15 05:51:48','2021-05-27 16:11:43'),(23,'dolores',4,'2013-08-20 17:22:14','2018-07-24 07:43:31'),(24,'et',4,'2012-09-06 11:33:18','2019-05-28 20:08:37'),(25,'sunt',4,'2017-09-19 11:38:00','2018-11-01 07:41:24'),(26,'non',4,'2012-11-19 15:54:48','2017-02-21 16:55:25'),(27,'quia',4,'2014-09-04 12:17:45','2021-05-27 16:11:43'),(28,'magni',4,'2015-06-07 16:07:58','2021-05-27 16:11:43'),(29,'quaerat',4,'2013-12-14 08:21:04','2021-05-27 16:11:43'),(30,'natus',4,'2015-08-14 02:03:12','2017-10-10 03:43:13');
/*!40000 ALTER TABLE `shops` ENABLE KEYS */;
UNLOCK TABLES;

--
-- Table structure for table `shops_users`
--

DROP TABLE IF EXISTS `shops_users`;
/*!40101 SET @saved_cs_client     = @@character_set_client */;
/*!50503 SET character_set_client = utf8mb4 */;
CREATE TABLE `shops_users` (
  `shops_id` int unsigned NOT NULL COMMENT '╨б╤Б╤Л╨╗╨║╨░ ╨╜╨░ ╨│╤А╤Г╨┐╨┐╤Г',
  `user_id` int unsigned NOT NULL COMMENT '╨б╤Б╤Л╨╗╨║╨░ ╨╜╨░ ╨┐╨╛╨╗╤М╨╖╨╛╨▓╨░╤В╨╡╨╗╤П',
  `created_at` datetime DEFAULT CURRENT_TIMESTAMP COMMENT '╨Т╤А╨╡╨╝╤П ╤Б╨╛╨╖╨┤╨░╨╜╨╕╤П ╤Б╤В╤А╨╛╨║╨╕',
  PRIMARY KEY (`shops_id`,`user_id`) COMMENT '╨б╨╛╤Б╤В╨░╨▓╨╜╨╛╨╣ ╨┐╨╡╤А╨▓╨╕╤З╨╜╤Л╨╣ ╨║╨╗╤О╤З',
  KEY `shops_users_user_id_fk` (`user_id`),
  CONSTRAINT `shops_users_shop_id_fk` FOREIGN KEY (`shops_id`) REFERENCES `shops` (`id`) ON DELETE CASCADE,
  CONSTRAINT `shops_users_user_id_fk` FOREIGN KEY (`user_id`) REFERENCES `users` (`id`) ON DELETE CASCADE
) ENGINE=InnoDB DEFAULT CHARSET=utf8mb4 COLLATE=utf8mb4_unicode_ci COMMENT='╨г╤З╨░╤Б╤В╨╜╨╕╨║╨╕ ╨╝╨░╨│╨░╨╖╨╕╨╜╨╛╨▓, ╤Б╨▓╤П╨╖╤М ╨╝╨╡╨╢╨┤╤Г ╨┐╨╛╨╗╤М╨╖╨╛╨▓╨░╤В╨╡╨╗╤П╨╝╨╕ ╨╕ ╨╝╨░╨│╨░╨╖╨╕╨╜╨░╨╝╨╕';
/*!40101 SET character_set_client = @saved_cs_client */;

--
-- Dumping data for table `shops_users`
--

LOCK TABLES `shops_users` WRITE;
/*!40000 ALTER TABLE `shops_users` DISABLE KEYS */;
INSERT INTO `shops_users` VALUES (1,2,'2009-09-11 00:00:00'),(1,7,'2006-07-18 00:00:00'),(1,20,'1992-11-24 00:00:00'),(1,46,'2004-06-13 00:00:00'),(2,6,'1973-06-25 00:00:00'),(2,47,'1995-12-30 00:00:00'),(2,56,'1971-05-04 00:00:00'),(2,74,'1972-02-24 00:00:00'),(2,90,'1983-01-22 00:00:00'),(2,99,'2013-01-31 00:00:00'),(3,1,'1972-01-15 00:00:00'),(3,21,'1977-12-02 00:00:00'),(3,23,'1991-09-05 00:00:00'),(3,55,'2007-08-04 00:00:00'),(3,85,'2014-01-03 00:00:00'),(3,90,'2019-11-01 00:00:00'),(3,95,'1982-03-12 00:00:00'),(4,19,'2006-10-25 00:00:00'),(4,33,'2011-12-17 00:00:00'),(5,25,'2008-01-31 00:00:00'),(5,26,'2018-04-23 00:00:00'),(5,59,'2010-11-22 00:00:00'),(5,68,'2011-09-22 00:00:00'),(6,43,'1982-03-12 00:00:00'),(6,48,'2000-11-10 00:00:00'),(7,39,'1991-06-26 00:00:00'),(7,42,'2011-07-26 00:00:00'),(7,60,'1999-05-16 00:00:00'),(7,66,'1974-05-20 00:00:00'),(7,93,'1993-10-08 00:00:00'),(8,12,'2009-05-05 00:00:00'),(10,20,'2017-09-11 00:00:00'),(10,26,'1998-08-17 00:00:00'),(10,63,'2016-07-29 00:00:00'),(10,83,'1990-12-01 00:00:00'),(10,94,'1974-07-22 00:00:00'),(11,1,'2001-08-21 00:00:00'),(11,18,'1995-09-20 00:00:00'),(11,69,'2000-04-20 00:00:00'),(11,93,'2008-01-04 00:00:00'),(12,78,'2018-02-16 00:00:00'),(13,16,'2002-09-29 00:00:00'),(13,51,'2008-09-30 00:00:00'),(13,60,'1979-06-10 00:00:00'),(13,69,'1970-05-13 00:00:00'),(14,52,'2020-06-06 00:00:00'),(15,44,'1986-06-07 00:00:00'),(17,15,'2001-07-21 00:00:00'),(17,59,'2004-06-03 00:00:00'),(18,7,'2007-05-04 00:00:00'),(18,8,'2005-08-03 00:00:00'),(18,34,'2014-03-30 00:00:00'),(18,35,'2002-06-15 00:00:00'),(18,40,'1984-02-15 00:00:00'),(18,69,'2013-07-11 00:00:00'),(18,80,'2011-04-23 00:00:00'),(19,11,'1990-07-13 00:00:00'),(19,35,'2003-08-26 00:00:00'),(19,59,'2013-12-09 00:00:00'),(19,88,'2019-07-18 00:00:00'),(19,95,'1997-03-17 00:00:00'),(19,98,'1995-04-12 00:00:00'),(20,9,'1984-05-03 00:00:00'),(20,19,'2011-09-16 00:00:00'),(20,63,'2006-10-07 00:00:00'),(20,74,'1976-10-20 00:00:00'),(20,78,'2014-02-26 00:00:00'),(20,79,'2010-02-27 00:00:00'),(21,1,'1972-10-09 00:00:00'),(21,12,'2001-11-30 00:00:00'),(21,21,'1992-06-11 00:00:00'),(22,15,'2013-02-04 00:00:00'),(22,72,'1992-11-10 00:00:00'),(23,43,'2012-05-27 00:00:00'),(23,63,'2009-10-16 00:00:00'),(23,84,'2008-07-27 00:00:00'),(23,86,'2005-06-12 00:00:00'),(24,28,'1997-09-02 00:00:00'),(24,54,'2020-10-10 00:00:00'),(24,91,'1994-11-12 00:00:00'),(25,1,'1982-01-30 00:00:00'),(25,78,'1971-06-05 00:00:00'),(26,22,'1993-01-16 00:00:00'),(26,36,'1990-05-01 00:00:00'),(26,53,'1992-07-25 00:00:00'),(26,91,'1989-05-21 00:00:00'),(28,49,'2003-04-01 00:00:00'),(28,58,'2007-05-17 00:00:00'),(28,67,'1980-09-16 00:00:00'),(28,78,'1999-05-31 00:00:00'),(28,80,'1972-09-27 00:00:00'),(28,83,'2018-04-20 00:00:00'),(28,91,'2016-11-06 00:00:00'),(29,11,'1975-04-08 00:00:00'),(29,40,'1988-10-12 00:00:00'),(29,53,'2001-02-14 00:00:00'),(29,70,'1992-11-24 00:00:00'),(29,82,'1978-06-04 00:00:00'),(30,72,'2011-10-15 00:00:00');
/*!40000 ALTER TABLE `shops_users` ENABLE KEYS */;
UNLOCK TABLES;

--
-- Table structure for table `subcategory`
--

DROP TABLE IF EXISTS `subcategory`;
/*!40101 SET @saved_cs_client     = @@character_set_client */;
/*!50503 SET character_set_client = utf8mb4 */;
CREATE TABLE `subcategory` (
  `id` int unsigned NOT NULL AUTO_INCREMENT,
  `name` varchar(150) CHARACTER SET utf8mb4 COLLATE utf8mb4_unicode_ci NOT NULL,
  `category_id` int unsigned DEFAULT NULL,
  PRIMARY KEY (`id`),
  UNIQUE KEY `name` (`name`),
  KEY `subcategory_category_id_fk` (`category_id`),
  CONSTRAINT `subcategory_category_id_fk` FOREIGN KEY (`category_id`) REFERENCES `categories` (`id`) ON DELETE CASCADE
) ENGINE=InnoDB AUTO_INCREMENT=101 DEFAULT CHARSET=utf8mb4 COLLATE=utf8mb4_unicode_ci;
/*!40101 SET character_set_client = @saved_cs_client */;

--
-- Dumping data for table `subcategory`
--

LOCK TABLES `subcategory` WRITE;
/*!40000 ALTER TABLE `subcategory` DISABLE KEYS */;
INSERT INTO `subcategory` VALUES (1,'voluptatem',3),(2,'harum',7),(3,'quia',4),(4,'rerum',84),(5,'omnis',33),(6,'dolore',42),(7,'laboriosam',27),(8,'maxime',76),(9,'est',60),(10,'et',84),(11,'iusto',9),(12,'occaecati',69),(13,'veritatis',19),(14,'vel',55),(15,'eum',87),(16,'ab',3),(17,'optio',84),(18,'placeat',67),(19,'sequi',57),(20,'consequatur',47),(21,'libero',3),(22,'odit',51),(23,'sint',14),(24,'tempora',72),(25,'excepturi',70),(26,'possimus',74),(27,'dolorum',21),(28,'quidem',45),(29,'error',99),(30,'esse',3),(31,'accusantium',45),(32,'officia',1),(33,'voluptas',9),(34,'perspiciatis',48),(35,'ipsa',85),(36,'ipsum',42),(37,'rem',90),(38,'quo',12),(39,'tempore',17),(40,'modi',50),(41,'nemo',95),(42,'laudantium',26),(43,'repellat',19),(44,'fuga',13),(45,'reprehenderit',80),(46,'itaque',6),(47,'maiores',15),(48,'aspernatur',64),(49,'doloribus',72),(50,'sunt',71),(51,'qui',10),(52,'corporis',74),(53,'nam',21),(54,'velit',23),(55,'earum',46),(56,'hic',91),(57,'dolorem',97),(58,'architecto',66),(59,'aut',36),(60,'necessitatibus',95),(61,'mollitia',68),(62,'dolor',81),(63,'inventore',96),(64,'quos',77),(65,'ad',28),(66,'enim',80),(67,'suscipit',18),(68,'molestiae',18),(69,'neque',91),(70,'autem',35),(71,'unde',68),(72,'provident',85),(73,'nihil',61),(74,'ut',86),(75,'culpa',98),(76,'assumenda',40),(77,'temporibus',91),(78,'perferendis',12),(79,'aliquid',4),(80,'voluptatibus',63),(81,'explicabo',83),(82,'accusamus',13),(83,'quisquam',37),(84,'natus',4),(85,'recusandae',36),(86,'porro',82),(87,'cupiditate',95),(88,'sit',32),(89,'corrupti',47),(90,'non',30),(91,'eveniet',26),(92,'beatae',15),(93,'iure',10),(94,'animi',21),(95,'eaque',91),(96,'at',38),(97,'minima',100),(98,'in',9),(99,'eligendi',56),(100,'totam',91);
/*!40000 ALTER TABLE `subcategory` ENABLE KEYS */;
UNLOCK TABLES;

--
-- Table structure for table `table_types`
--

DROP TABLE IF EXISTS `table_types`;
/*!40101 SET @saved_cs_client     = @@character_set_client */;
/*!50503 SET character_set_client = utf8mb4 */;
CREATE TABLE `table_types` (
  `id` int unsigned NOT NULL AUTO_INCREMENT,
  `name` varchar(150) CHARACTER SET utf8mb4 COLLATE utf8mb4_unicode_ci NOT NULL,
  `created_at` datetime DEFAULT CURRENT_TIMESTAMP COMMENT '╨Т╤А╨╡╨╝╤П ╤Б╨╛╨╖╨┤╨░╨╜╨╕╤П ╤Б╤В╤А╨╛╨║╨╕',
  PRIMARY KEY (`id`),
  UNIQUE KEY `name` (`name`)
) ENGINE=InnoDB AUTO_INCREMENT=6 DEFAULT CHARSET=utf8mb4 COLLATE=utf8mb4_unicode_ci;
/*!40101 SET character_set_client = @saved_cs_client */;

--
-- Dumping data for table `table_types`
--

LOCK TABLES `table_types` WRITE;
/*!40000 ALTER TABLE `table_types` DISABLE KEYS */;
INSERT INTO `table_types` VALUES (1,'items','2016-11-30 16:44:23'),(2,'users','2014-06-17 18:12:23'),(3,'messages','2012-10-22 22:41:16'),(4,'shops','2013-04-26 07:46:41'),(5,'media','2019-02-07 14:21:56');
/*!40000 ALTER TABLE `table_types` ENABLE KEYS */;
UNLOCK TABLES;

--
-- Table structure for table `users`
--

DROP TABLE IF EXISTS `users`;
/*!40101 SET @saved_cs_client     = @@character_set_client */;
/*!50503 SET character_set_client = utf8mb4 */;
CREATE TABLE `users` (
  `id` int unsigned NOT NULL AUTO_INCREMENT COMMENT '╨Ш╨┤╨╡╨╜╤В╨╕╤Д╨╕╨║╨░╤В╨╛╤А ╤Б╤В╤А╨╛╨║╨╕',
  `first_name` varchar(100) CHARACTER SET utf8mb4 COLLATE utf8mb4_unicode_ci NOT NULL COMMENT '╨Ш╨╝╤П ╨┐╨╛╨╗╤М╨╖╨╛╨▓╨░╤В╨╡╨╗╤П',
  `last_name` varchar(100) CHARACTER SET utf8mb4 COLLATE utf8mb4_unicode_ci NOT NULL COMMENT '╨д╨░╨╝╨╕╨╗╨╕╤П ╨┐╨╛╨╗╤М╨╖╨╛╨▓╨░╤В╨╡╨╗╤П',
  `table_type_id` int unsigned NOT NULL,
  `email` varchar(100) CHARACTER SET utf8mb4 COLLATE utf8mb4_unicode_ci NOT NULL COMMENT '╨Я╨╛╤З╤В╨░',
  `phone` varchar(100) CHARACTER SET utf8mb4 COLLATE utf8mb4_unicode_ci NOT NULL COMMENT '╨в╨╡╨╗╨╡╤Д╨╛╨╜',
  `created_at` datetime DEFAULT CURRENT_TIMESTAMP COMMENT '╨Т╤А╨╡╨╝╤П ╤Б╨╛╨╖╨┤╨░╨╜╨╕╤П ╤Б╤В╤А╨╛╨║╨╕',
  `updated_at` datetime DEFAULT CURRENT_TIMESTAMP ON UPDATE CURRENT_TIMESTAMP COMMENT '╨Т╤А╨╡╨╝╤П ╨╛╨▒╨╜╨╛╨▓╨╗╨╡╨╜╨╕╤П ╤Б╤В╤А╨╛╨║╨╕',
  PRIMARY KEY (`id`),
  UNIQUE KEY `email` (`email`),
  UNIQUE KEY `phone` (`phone`),
  KEY `users_table_type_id_fk` (`table_type_id`),
  CONSTRAINT `users_table_type_id_fk` FOREIGN KEY (`table_type_id`) REFERENCES `table_types` (`id`) ON DELETE CASCADE
) ENGINE=InnoDB AUTO_INCREMENT=101 DEFAULT CHARSET=utf8mb4 COLLATE=utf8mb4_unicode_ci COMMENT='╨Я╨╛╨╗╤М╨╖╨╛╨▓╨░╤В╨╡╨╗╨╕';
/*!40101 SET character_set_client = @saved_cs_client */;

--
-- Dumping data for table `users`
--

LOCK TABLES `users` WRITE;
/*!40000 ALTER TABLE `users` DISABLE KEYS */;
INSERT INTO `users` VALUES (1,'Stewart','Bechtelar',2,'reilly13@example.org','443-258-6499x023','2014-01-31 07:55:23','2021-02-08 04:53:19'),(2,'Johnathan','Beier',2,'zhudson@example.net','(916)716-2644x399','2014-05-04 01:21:53','2016-04-12 17:04:40'),(3,'Jaden','Terry',2,'wstamm@example.com','202-300-5273x2274','2019-07-21 07:28:37','2021-05-27 16:16:40'),(4,'Tanya','Wiza',2,'osinski.madyson@example.net','07346529301','2013-12-16 05:12:12','2021-05-27 16:16:40'),(5,'Jacques','Erdman',2,'tierra54@example.org','1-917-340-8261x77031','2019-01-28 04:33:55','2021-05-27 16:16:40'),(6,'Kathleen','Friesen',2,'bret28@example.net','467-878-1274x7149','2016-03-19 10:18:28','2021-05-27 16:16:40'),(7,'Coby','Haag',2,'po\'hara@example.org','+86(2)1319100083','2019-07-06 07:22:34','2021-05-27 16:16:40'),(8,'Jerrell','Shanahan',2,'hayden.koss@example.net','(186)447-1659x071','2011-12-07 04:03:51','2017-08-21 05:50:11'),(9,'Cleora','Schultz',2,'georgianna.gleichner@example.net','04888087481','2014-01-06 01:46:54','2021-02-07 04:26:37'),(10,'Cornelius','Koelpin',2,'davis.samara@example.net','739.911.8961','2015-01-17 02:59:30','2021-03-11 23:42:51'),(11,'Leilani','Leffler',2,'bartell.mekhi@example.com','596-358-1795x808','2014-11-05 06:57:49','2016-10-14 10:44:50'),(12,'Cathryn','Hammes',2,'dickinson.amiya@example.com','+53(3)0623227239','2018-12-01 07:50:05','2021-05-27 16:16:40'),(13,'Jerrold','Gaylord',2,'bradtke.dimitri@example.net','134.020.5241','2019-04-28 12:37:55','2021-05-27 16:16:40'),(14,'Taya','Reinger',2,'jaycee.gerhold@example.net','939-040-4812','2011-06-12 10:14:21','2020-11-05 17:13:03'),(15,'Robyn','Sporer',2,'jena62@example.org','958.239.5356x27923','2018-03-25 15:28:51','2018-05-08 03:26:57'),(16,'Ciara','Jones',2,'xwolf@example.net','746.892.0661','2015-10-27 15:16:09','2021-05-27 16:16:40'),(17,'Tabitha','Huel',2,'evert.walter@example.com','819-811-3655x26692','2013-09-09 21:42:49','2014-12-30 11:26:46'),(18,'Eudora','Wunsch',2,'mlesch@example.net','946-491-5245','2017-03-25 06:10:17','2018-07-24 22:56:41'),(19,'Mike','Rau',2,'coleman.rau@example.com','1-694-700-5388','2014-04-17 15:08:39','2016-01-31 19:38:47'),(20,'Clarissa','Rutherford',2,'nitzsche.trystan@example.com','281-135-3726x5118','2020-04-04 15:19:09','2021-05-27 16:16:40'),(21,'Gilbert','Cruickshank',2,'dibbert.harmony@example.org','591.704.0918','2013-09-18 03:25:31','2020-02-08 14:55:43'),(22,'Odie','Jerde',2,'johnston.nikita@example.net','711-334-7642','2015-02-17 13:36:11','2020-12-18 19:24:10'),(23,'Bettye','Schoen',2,'ukiehn@example.com','1-190-488-2624x40886','2016-08-23 04:18:56','2020-01-20 13:54:42'),(24,'Devin','Upton',2,'skertzmann@example.net','638-026-5991x3176','2016-12-30 23:50:08','2021-05-27 16:16:40'),(25,'Prudence','Williamson',2,'borer.lawson@example.net','1-324-014-9185x959','2012-12-06 08:50:01','2013-07-09 22:12:38'),(26,'Laurence','Schneider',2,'larissa.prohaska@example.net','1-023-058-2799','2018-10-05 08:16:13','2021-05-27 16:16:40'),(27,'Verlie','Towne',2,'warren57@example.com','442-478-7275','2016-08-05 16:57:01','2017-10-04 10:44:01'),(28,'Barbara','Schoen',2,'viviane32@example.com','832-160-2234x1426','2012-02-20 13:37:43','2014-06-12 07:26:35'),(29,'Jay','Friesen',2,'pfannerstill.marcel@example.org','04390625567','2013-01-01 00:30:19','2013-03-09 19:17:01'),(30,'Emmet','Walker',2,'adriana02@example.com','(248)098-1147','2013-11-21 11:07:52','2015-01-12 19:47:03'),(31,'Nellie','Oberbrunner',2,'beer.baron@example.com','03803591838','2011-07-16 22:23:01','2013-10-25 00:37:29'),(32,'Neha','Kerluke',2,'reta.fisher@example.org','496.580.6587','2020-05-17 08:01:22','2021-05-27 16:16:40'),(33,'Coy','Mraz',2,'dominique.turcotte@example.net','365.206.4428','2012-03-10 20:03:23','2017-08-18 06:35:38'),(34,'Marcelino','Botsford',2,'kertzmann.layla@example.org','954-117-6120','2020-09-28 01:39:24','2021-05-27 16:16:40'),(35,'Karolann','Adams',2,'casimer99@example.org','344.121.1402x00545','2018-04-01 07:37:21','2021-05-27 16:16:40'),(36,'Lawrence','Gleichner',2,'alexandrea.carroll@example.org','022.466.5098','2019-12-13 03:11:30','2021-05-27 16:16:40'),(37,'Ettie','Okuneva',2,'fadel.lorenzo@example.org','+94(8)0557331138','2012-07-04 12:45:17','2018-08-04 00:38:29'),(38,'Oswald','Balistreri',2,'susie87@example.net','+53(1)8502514103','2014-06-29 21:02:08','2020-05-12 22:26:43'),(39,'Gaylord','Schiller',2,'eladio27@example.net','858.953.9910x0106','2014-02-25 03:42:13','2021-05-27 16:16:40'),(40,'Angel','Stark',2,'mueller.matilda@example.net','02663634848','2015-10-28 10:31:53','2018-08-22 07:50:50'),(41,'Eugenia','Stroman',2,'emmitt.fadel@example.net','(740)070-4556x63377','2015-10-08 02:26:30','2021-05-27 16:16:40'),(42,'Kaia','Langworth',2,'keenan27@example.net','1-671-487-3259x24719','2015-05-05 23:23:26','2020-03-17 03:13:43'),(43,'Cassie','Hoppe',2,'eleazar.dickens@example.com','182.735.2613','2020-12-19 03:32:11','2021-05-27 16:16:40'),(44,'Florida','Klocko',2,'bianka.farrell@example.net','+71(4)7113030404','2013-03-31 01:55:55','2015-10-25 09:17:35'),(45,'Ezequiel','Schimmel',2,'vcronin@example.net','836-796-6302','2019-03-01 18:53:42','2021-05-27 16:16:40'),(46,'Shanny','West',2,'franecki.cameron@example.net','(732)422-7982','2016-05-13 18:36:16','2017-08-26 11:00:27'),(47,'Sabina','Wilderman',2,'kariane79@example.com','453-669-9447x078','2020-01-09 11:29:22','2021-05-24 21:58:10'),(48,'Ethyl','Robel',2,'carroll.ahmad@example.org','(001)555-4058','2012-11-07 23:10:39','2020-09-14 09:52:24'),(49,'Agnes','Dickens',2,'mayert.eduardo@example.org','+23(1)8310108203','2012-07-14 04:20:06','2013-01-30 06:38:27'),(50,'Christop','Fay',2,'damaris34@example.org','(915)035-4511x2760','2020-02-01 02:36:35','2021-05-27 16:16:40'),(51,'Adah','Windler',2,'rempel.twila@example.net','684-721-0937x60388','2018-09-01 07:13:05','2020-11-28 00:51:39'),(52,'Tavares','Kutch',2,'dell71@example.com','1-575-348-1013x5893','2017-06-25 09:21:47','2020-06-19 16:50:17'),(53,'Eloise','Halvorson',2,'purdy.beverly@example.net','837-133-9397','2013-09-18 23:27:10','2019-07-18 11:14:27'),(54,'Donavon','Cremin',2,'rowena.denesik@example.com','1-882-442-6973','2020-04-08 01:23:16','2021-05-27 16:16:40'),(55,'Tevin','Blick',2,'hegmann.ansel@example.com','+91(5)2596471771','2012-05-18 00:58:26','2020-12-03 11:19:38'),(56,'Odessa','Balistreri',2,'maia.walker@example.com','(699)222-4866','2016-04-09 05:12:30','2019-01-29 13:25:15'),(57,'Kaela','Fisher',2,'jennyfer08@example.org','1-616-573-3581','2018-03-22 23:34:56','2021-05-27 16:16:40'),(58,'Patience','Vandervort',2,'alverta.o\'hara@example.org','1-652-714-3338x2328','2013-05-26 06:22:56','2021-04-13 20:07:17'),(59,'Trisha','Mueller',2,'jarret.rolfson@example.net','372.033.0383','2011-09-21 06:51:53','2013-01-08 16:17:55'),(60,'Bertrand','Hirthe',2,'neva.mann@example.net','312.369.3248x2149','2015-12-10 04:44:06','2021-05-27 16:16:40'),(61,'Reese','Miller',2,'zadams@example.net','+07(1)3966718366','2016-04-29 18:16:14','2018-11-24 21:20:29'),(62,'Selina','Rowe',2,'wisoky.juanita@example.net','558-744-3428','2012-01-13 23:53:08','2021-02-07 20:32:11'),(63,'Sim','Jast',2,'cassidy48@example.com','+30(7)5743753750','2012-09-15 00:23:07','2015-07-22 19:13:15'),(64,'Karelle','Donnelly',2,'wtoy@example.com','351-084-3495','2015-03-25 02:07:10','2020-08-11 03:19:40'),(65,'Kristy','Kessler',2,'terrill78@example.org','(468)397-6442x008','2020-08-23 01:43:33','2021-05-27 16:16:40'),(66,'Madeline','DuBuque',2,'kovacek.angela@example.com','(668)581-5586','2013-09-17 22:25:17','2019-10-21 02:17:43'),(67,'Velda','Gutkowski',2,'lueilwitz.filomena@example.com','(812)861-5751','2014-10-25 00:11:00','2015-02-03 20:01:59'),(68,'Rowland','Klein',2,'vella.bartell@example.com','+01(5)5501406756','2017-07-06 21:26:38','2021-05-27 16:16:40'),(69,'Mortimer','O\'Hara',2,'micah.gusikowski@example.com','(839)776-2872x54614','2017-08-17 13:01:42','2021-05-27 16:16:40'),(70,'Kari','Kling',2,'aiyana48@example.org','901-689-1140','2015-01-13 15:33:54','2017-03-27 20:03:46'),(71,'Lulu','Gorczany',2,'xwillms@example.org','(659)834-4484','2016-03-11 06:58:22','2019-08-06 13:25:57'),(72,'Rudy','Schoen',2,'zbrakus@example.com','03441997225','2016-06-17 20:54:00','2021-05-27 16:16:40'),(73,'Ollie','Sauer',2,'bailey.elias@example.net','+77(3)2906028591','2014-06-26 04:47:33','2016-01-22 04:39:24'),(74,'Clyde','Spinka',2,'esimonis@example.org','(196)784-3813x2636','2011-12-29 01:38:51','2012-03-29 19:01:56'),(75,'Laurie','Tillman',2,'tspinka@example.net','296-395-1735x7294','2013-04-01 17:00:04','2015-04-15 22:24:28'),(76,'Evangeline','Larson',2,'beverly21@example.com','01831829301','2013-09-01 16:37:14','2019-07-16 20:39:25'),(77,'Lilliana','Kulas',2,'kulas.alexandria@example.com','+09(4)4559535641','2012-08-06 04:48:44','2018-11-01 03:18:00'),(78,'Elaina','Padberg',2,'carmel.hegmann@example.net','765.930.8899','2017-02-06 00:06:56','2021-05-27 16:16:40'),(79,'Jan','Bechtelar',2,'prippin@example.org','1-990-167-6843x03359','2016-01-22 22:18:12','2021-05-27 16:16:40'),(80,'Jaydon','Mayert',2,'murl.barton@example.org','467-916-1427x7311','2011-08-29 00:48:15','2014-09-07 09:00:12'),(81,'Jasmin','Wolff',2,'lbeahan@example.com','1-454-286-9058','2012-10-05 13:55:45','2020-09-16 19:19:46'),(82,'Hollis','Rogahn',2,'altenwerth.era@example.org','312.500.0414','2017-11-30 09:15:59','2021-05-27 16:16:40'),(83,'Matilda','Schroeder',2,'alvena.miller@example.org','(624)470-9440x7293','2015-12-21 11:30:08','2021-05-27 16:16:40'),(84,'Javier','Cruickshank',2,'mateo13@example.com','1-843-416-9938','2018-01-09 11:33:02','2021-05-27 16:16:40'),(85,'Dessie','Kulas',2,'bednar.kitty@example.net','1-345-602-7056','2019-10-27 22:05:55','2021-05-27 16:16:40'),(86,'Kamron','Klein',2,'vpollich@example.net','+46(0)6521583439','2013-11-01 20:16:02','2017-09-19 13:42:00'),(87,'Giuseppe','Cartwright',2,'fidel.dickens@example.org','1-243-379-3276x8593','2012-10-20 16:38:33','2014-06-28 04:54:26'),(88,'Evan','Medhurst',2,'xmoen@example.net','577-491-2362x8682','2012-06-10 06:06:19','2017-07-07 09:46:53'),(89,'Leo','Johnston',2,'sheldon98@example.org','656.649.5701','2013-04-07 08:50:54','2019-08-29 23:46:49'),(90,'Monica','Hessel',2,'tmccullough@example.org','1-205-699-6022','2019-11-06 10:02:04','2021-05-27 16:16:40'),(91,'Claude','Glover',2,'d\'angelo.shanahan@example.org','1-857-897-1614','2016-12-28 08:47:18','2021-05-27 16:16:40'),(92,'Roselyn','Weimann',2,'zella58@example.net','(311)818-2913x1263','2015-03-17 04:42:54','2018-11-12 08:04:20'),(93,'Ressie','Bergstrom',2,'trantow.pattie@example.org','(552)234-6584','2016-03-21 22:27:43','2021-05-27 16:16:40'),(94,'Hattie','O\'Connell',2,'royal36@example.com','09379059358','2021-01-10 02:43:52','2021-05-27 16:16:40'),(95,'Jermain','Stokes',2,'kkihn@example.net','920.287.0093x34659','2018-01-01 10:39:01','2018-02-06 05:44:57'),(96,'Easter','Brown',2,'barrett.white@example.net','702.252.4390','2020-01-16 01:11:41','2021-05-27 16:16:40'),(97,'Haskell','Botsford',2,'robbie.bechtelar@example.com','619-406-2714','2013-03-08 13:24:45','2017-04-06 12:49:26'),(98,'Brigitte','Dickinson',2,'giuseppe79@example.org','(416)727-2513x08360','2017-07-08 11:28:17','2021-03-25 11:04:53'),(99,'Brooke','Brown',2,'ykirlin@example.org','209-759-8589x0908','2013-12-02 21:11:53','2021-04-17 23:15:14'),(100,'Claude','Heller',2,'ara.jacobs@example.net','1-720-971-7993','2014-12-22 03:06:48','2018-09-10 22:12:13');
/*!40000 ALTER TABLE `users` ENABLE KEYS */;
UNLOCK TABLES;
/*!40103 SET TIME_ZONE=@OLD_TIME_ZONE */;

/*!40101 SET SQL_MODE=@OLD_SQL_MODE */;
/*!40014 SET FOREIGN_KEY_CHECKS=@OLD_FOREIGN_KEY_CHECKS */;
/*!40014 SET UNIQUE_CHECKS=@OLD_UNIQUE_CHECKS */;
/*!40101 SET CHARACTER_SET_CLIENT=@OLD_CHARACTER_SET_CLIENT */;
/*!40101 SET CHARACTER_SET_RESULTS=@OLD_CHARACTER_SET_RESULTS */;
/*!40101 SET COLLATION_CONNECTION=@OLD_COLLATION_CONNECTION */;
/*!40111 SET SQL_NOTES=@OLD_SQL_NOTES */;

-- Dump completed on 2021-05-27 19:54:54
